name,short,code,1950,1951,1952,1953,1954,1955,1956,1957,1958,1959,1960,1961,1962,1963,1964,1965,1966,1967,1968,1969,1970,1971,1972,1973,1974,1975,1976,1977,1978,1979,1980,1981,1982,1983,1984,1985,1986,1987,1988,1989,1990,1991,1992,1993,1994,1995,1996,1997,1998,1999,2000,2001,2002,2003,2004,2005,2006,2007,2008,2009,2010,2011,2012,2013,2014,2015,g20,tx,ty,gx,gy,cx,cy,w,rate,peak,code,peak1,peak2,peak3,g20
Argentina,Arg.,ARG,108000,123000,130000,137000,146000,157000,169000,179000,183000,192000,197000,216000,222000,218000,231000,245000,255000,264000,268000,271000,279000,276000,282000,288000,289000,291000,302000,305000,302000,311000,307000,298000,325000,336000,344000,344000,351000,362000,370000,368000,362000,367000,360000,355000,363000,365000,368000,369000,368000,373000,376000,375000,365000,389000,408000,411000,464000,459000,472000,453000,450000,452000,457000,457000,471000,478000,1,219.1,495.9,199.1,553.7,357.8,521.1,38.8,0,,ARG,,,,1
Australia,Aus.,AUS,226000,311000,336000,356000,372000,380000,387000,393000,399000,409000,416000,421000,428000,437000,448000,463000,461000,473000,482000,493000,502000,423000,412000,398000,392000,391000,389000,394000,397000,400000,415000,422000,430000,412000,425000,437000,430000,439000,442000,469000,454000,438000,441000,440000,440000,450000,457000,469000,483000,491000,500000,554000,557000,562000,575000,582000,545000,551000,553000,557000,554000,487000,486000,477000,473000,479000,1,1030,566.4,893.6,612.9,709.1,459.7,49.7,0,2,AUS,,1,1,1
Austria,Au.,AUT,31100,33700,32800,32800,36100,41100,40800,42300,41700,41900,45200,46500,49000,52400,54500,54300,55800,57100,59800,62300,67800,69400,73800,78000,75800,72100,76500,74300,75500,80100,70600,73800,71000,69500,72900,72700,71700,75100,71600,76100,76900,71600,64800,64900,65400,68700,72100,71700,71000,69200,69300,78100,79800,85400,85200,86200,86200,83300,83100,79400,86800,80300,77900,78100,74500,77200,1,536.4,213.8,479.6,217.8,709.1,377.2,23.6,0,2,AUT,,1,1,1
Belgium,Bel.,BEL,97100,111000,105000,105000,109000,116000,122000,123000,115000,116000,120000,123000,130000,138000,137000,140000,141000,144000,156000,163000,164000,159000,170000,177000,176000,158000,165000,162000,171000,178000,172000,161000,151000,136000,141000,139000,136000,135000,132000,149000,146000,142000,142000,141000,149000,151000,155000,146000,152000,145000,147000,145000,145000,145000,146000,142000,141000,137000,137000,124000,130000,120000,117000,117000,112000,115000,1,430.6,178.6,399.9,176.4,634.8,330.2,28.2,0,0,BEL,1,1,1,1
Bulgaria,Bu.,BGR,26800,27700,29300,30700,32000,33100,34500,36400,38100,42600,45800,49400,54900,58900,67800,72200,75400,82200,87200,94100,89200,91800,94000,96200,97900,101000,101000,104000,109000,107000,106000,110000,119000,120000,117000,119000,120000,122000,118000,115000,106000,71800,67500,66800,63000,64300,64500,61300,56900,50100,49700,50000,46700,51300,50200,50700,54900,59000,57300,48200,50800,56100,51100,45800,48000,52000,1,606.9,249.1,538.8,252.9,732.7,377.2,21,0,0,BGR,1,1,1,1
Brazil,Brazil,BRA,496000,603000,645000,680000,716000,750000,775000,795000,817000,833000,853000,1060000,1130000,1190000,1240000,1280000,1310000,1330000,1370000,1390000,1440000,1320000,1340000,1330000,1340000,1360000,1400000,1390000,1420000,1450000,1480000,1460000,1840000,1940000,2010000,2100000,2180000,2250000,2250000,2290000,2260000,2280000,2070000,2020000,1990000,2030000,1970000,1960000,1980000,1980000,1990000,2000000,2000000,2060000,2100000,2080000,1520000,1510000,1550000,1490000,1550000,1330000,1360000,1350000,1380000,1400000,1,254.3,425.4,198.8,494.7,709.1,400.8,58.9,2,,BRA,,,1,1
Canada,Can.,CAN,340000,349000,351000,356000,357000,368000,391000,388000,390000,392000,401000,406000,424000,434000,464000,484000,497000,522000,547000,556000,584000,597000,615000,622000,629000,630000,638000,645000,650000,698000,711000,700000,645000,641000,661000,661000,636000,661000,688000,727000,700000,692000,707000,706000,727000,740000,756000,770000,778000,788000,809000,798000,801000,820000,822000,808000,896000,906000,892000,819000,880000,761000,790000,844000,821000,805000,1,78,108.1,116.7,147.5,447,165.5,59.3,0,2,CAN,,1,1,1
China,China,CHN,1410000,1440000,1560000,1660000,1790000,1920000,2060000,2140000,2420000,2570000,2580000,2280000,2070000,2040000,2070000,2130000,2190000,2100000,2150000,2270000,2510000,2640000,2720000,2780000,2810000,3010000,3120000,3270000,3380000,3300000,3150000,2980000,2970000,3020000,3170000,3280000,3390000,3560000,3730000,3820000,3860000,3960000,4050000,4220000,4480000,4780000,4910000,4920000,4720000,4770000,4760000,4590000,5020000,5810000,6650000,7420000,8090000,8620000,9220000,9730000,10600000,11600000,12000000,12200000,12300000,12400000,1,959.5,319.6,709.7,147.9,277.3,224.8,239.3,2,,CHN,,,1,1
Cyprus,Cyprus,CYP,1870,1610,1610,1620,1650,1610,1850,2010,1960,2030,2090,2060,2110,2220,2210,2410,2580,2770,3130,3210,3240,3450,4040,4170,3450,3340,3910,4140,4320,4520,4750,4420,4490,4480,4630,4600,5120,5770,5830,6120,6200,6120,6560,6860,7110,7050,7350,7470,7800,8050,8320,8210,8440,8820,9040,9170,9110,9430,9570,9330,9000,8750,8200,7480,7860,7890,1,642.2,354.9,502.8,322.3,789.8,272.8,11.6,0,2,CYP,,1,1,1
Czech Republic,Cz. Rep.,CZE,82200,86000,90600,93700,99100,103000,109000,114000,122000,123000,130000,139000,146000,152000,157000,155000,155000,156000,163000,171000,187000,194000,195000,195000,191000,198000,204000,209000,210000,206000,206000,204000,202000,203000,207000,203000,202000,200000,197000,193000,196000,165000,159000,151000,143000,143000,146000,142000,136000,127000,136000,136000,133000,136000,137000,135000,142000,144000,139000,131000,132000,125000,121000,118000,114000,115000,1,536.4,178.6,495.8,189.2,730.7,301.5,28.6,0,0,CZE,1,1,1,1
Germany,Ger.,DEU,665000,733000,770000,786000,827000,895000,942000,959000,943000,947000,1010000,1030000,1090000,1150000,1180000,1180000,1180000,1170000,1220000,1290000,1260000,1270000,1270000,1320000,1300000,1230000,1320000,1280000,1310000,1350000,1330000,1280000,1240000,1230000,1250000,1270000,1260000,1240000,1240000,1230000,1240000,1150000,1100000,1090000,1070000,1070000,1090000,1050000,1030000,996000,996000,1040000,1020000,1020000,1000000,977000,989000,962000,965000,896000,932000,889000,894000,912000,871000,869000,1,501.1,178.6,428.1,150.1,663,262.4,67.7,0,0,DEU,1,1,1,1
Denmark,Den.,DNK,40300,40300,41500,42100,45000,47100,46600,45300,47800,47300,51500,53900,59500,63500,66400,68300,74900,74000,78600,85000,87200,81900,84000,84800,81600,80700,83400,87300,86500,88300,86100,74700,77700,75300,73400,82600,81500,80400,76700,71000,70800,82200,76200,78400,82300,79300,92600,83000,79000,76600,72300,75100,74600,79700,73600,69200,76200,71600,68000,65100,65500,58800,53900,55800,51600,49100,1,501.1,143.3,440,130.8,658.3,221.2,19.3,0,2,DNK,,1,1,1
Spain,Spa.,ESP,68400,68800,73800,75900,77600,79200,82300,91100,97700,94800,92300,98900,106000,105000,111000,118000,126000,137000,149000,150000,170000,180000,198000,211000,228000,236000,253000,251000,257000,261000,273000,266000,268000,263000,258000,260000,251000,250000,262000,292000,289000,252000,261000,251000,269000,284000,275000,289000,299000,327000,342000,339000,358000,365000,381000,396000,401000,410000,377000,340000,326000,327000,322000,293000,294000,305000,1,430.6,249.1,378.7,263.8,667.9,376.1,41.2,0,2,ESP,,1,1,1
Estonia,Est.,EST,13400,15300,16400,17300,18700,20800,22400,24000,25100,25200,25600,25500,25900,26900,27700,28700,29700,30200,30300,30800,32200,33100,34200,34800,35300,36500,37400,38100,38500,38500,40100,37800,38300,38200,38100,41700,42500,42900,43400,41600,40900,36900,26800,20900,21600,19800,20500,20100,18500,17200,16900,24600,24300,26000,26200,26100,20400,24200,22100,18700,23200,26500,25500,27300,26600,23600,1,606.9,72.8,540.7,122.4,775.6,256.6,16.1,0,0,EST,1,1,1,1
Finland,Fin.,FIN,22500,24100,25000,24100,26100,28300,29900,30400,29000,32400,34300,34000,36500,39600,43600,46300,50900,50200,55500,60400,62200,62000,66000,72200,69600,67100,71500,70100,72000,75100,79000,71500,62100,60400,60700,68300,72100,76400,70900,71300,74000,47600,46100,48400,54000,50600,56300,54800,51100,50400,48500,62500,64900,72400,68600,56600,63600,62000,53900,50100,58300,76100,70700,71600,67500,63900,1,571.6,72.8,518.9,100.6,751.9,234.8,21.8,0,2,FIN,,1,1,1
France,Fra.,FRA,289000,317000,318000,308000,324000,341000,374000,388000,380000,380000,392000,407000,429000,467000,483000,494000,495000,525000,543000,574000,599000,620000,641000,681000,666000,609000,669000,646000,668000,695000,672000,618000,595000,582000,569000,559000,543000,532000,524000,544000,536000,563000,552000,529000,528000,536000,551000,543000,558000,544000,540000,488000,483000,487000,485000,488000,501000,493000,486000,464000,473000,419000,418000,416000,389000,392000,1,465.9,213.8,404.1,217.8,663,330.1,46,0,0,FRA,,1,1,1
United Kingdom,U.K.,GBR,678000,725000,713000,730000,749000,780000,785000,788000,780000,776000,817000,827000,833000,846000,855000,874000,874000,852000,869000,893000,926000,920000,897000,913000,866000,854000,855000,855000,853000,896000,813000,789000,772000,770000,737000,778000,792000,794000,791000,802000,804000,801000,781000,761000,750000,743000,765000,740000,737000,706000,706000,710000,689000,697000,693000,686000,681000,670000,650000,593000,608000,559000,576000,560000,518000,498000,1,430.6,108.1,330.6,123.3,677.6,209.3,53.1,0,0,GBR,,1,1,1
Greece,Gr.,GRC,20100,20600,21000,21300,21800,23000,23600,24500,25500,26400,28000,29000,29400,31800,33000,37000,39000,40400,43700,47200,45300,49300,53800,61000,60900,63400,67500,71500,72800,76600,76400,75600,77100,80900,83000,87000,85300,90000,95500,102000,104000,103000,104000,104000,107000,109000,112000,117000,123000,123000,126000,127000,127000,131000,132000,136000,132000,135000,132000,124000,118000,115000,112000,102000,99200,95600,1,606.9,319.6,531.1,273.9,756.2,330.1,24.9,0,2,GRC,,1,1,1
Croatia,Cro.,HRV,9730,9720,9710,10000,10300,10500,10900,11300,11600,12100,12600,12800,13200,13600,14200,15100,15900,17200,18500,19300,21000,21600,20800,24800,24600,25100,25400,24700,27200,29400,28300,27000,26500,27200,28000,27900,29600,30100,31000,28200,31700,13100,12000,12100,11100,11600,12200,13500,13800,14800,14600,15600,16600,18000,18000,18400,20700,22200,20900,18900,18000,23400,21600,20300,19500,20000,1,536.4,284.3,503.2,252.9,781.5,354.9,15.4,0,2,HRV,1,1,1,1
Hungary,Hun.,HUN,33100,36900,41900,46400,48900,51100,49300,54700,56100,59200,62900,67000,69300,74600,81300,81200,81800,80200,83600,85100,91500,91500,91200,95900,97800,98600,104000,108000,113000,112000,112000,112000,111000,113000,114000,108000,109000,109000,105000,102000,93800,91200,81200,82100,81000,79700,81800,80300,79900,80400,77500,81300,79600,82700,81700,81500,78200,76400,74600,68500,68900,68500,64900,62000,62500,65700,1,571.6,213.8,503.2,217.8,781.1,334,20.9,0,0,HUN,1,1,1,1
Indonesia,Indo.,IDN,349000,354000,366000,334000,337000,347000,351000,356000,356000,362000,364000,373000,366000,367000,366000,376000,383000,389000,352000,351000,348000,335000,456000,392000,387000,391000,465000,595000,533000,592000,599000,617000,1100000,732000,642000,660000,751000,911000,669000,689000,681000,815000,839000,835000,870000,874000,930000,1110000,951000,973000,1010000,1020000,1300000,1240000,1350000,1270000,2550000,2070000,2110000,2460000,2140000,2450000,2500000,2360000,2620000,2430000,1,994.7,495.9,887.8,509.5,396.6,464.2,55.5,1,,IDN,,,,1
India,India,IND,777000,790000,808000,756000,760000,772000,780000,797000,800000,812000,830000,852000,854000,871000,867000,890000,911000,925000,867000,867000,866000,873000,890000,935000,970000,1010000,1060000,1110000,1140000,1180000,1210000,1310000,1330000,1380000,1410000,1460000,1490000,1530000,1600000,1680000,1710000,1870000,1940000,2000000,2060000,2110000,2190000,2220000,2250000,2300000,2310000,2280000,2480000,2580000,2680000,2630000,1760000,1880000,2020000,2160000,2140000,2500000,2670000,2690000,2870000,2960000,1,889,390.1,674.1,387.2,894.1,279.1,114.8,2,,IND,,,,1
Ireland,Ire.,IRL,19600,20500,19700,19900,19700,22700,22200,21300,20800,24400,23400,25400,26300,26900,28000,28200,30600,32400,33800,34700,35900,39700,39200,41100,42700,41300,40800,42500,42800,47200,46300,45200,45100,45200,45600,46500,48600,50100,49800,50300,52500,55000,55000,55300,56700,58100,60300,61700,64200,65300,67400,70100,67900,68400,67900,68900,62800,62100,61400,55800,55600,58200,58500,58400,58200,60400,1,395.3,108.1,309.4,157,643.6,275.1,19.4,0,2,IRL,,1,1,1
Iceland,Ice.,ISL,3700,3610,3750,3920,3850,4040,4150,4240,4430,4630,4680,4580,4760,4910,4980,5150,5350,5370,5570,5330,5320,5370,5530,6060,5980,5730,5850,6070,6060,6100,5830,5690,5390,5400,5810,5620,5840,5920,6020,6220,6180,5810,5690,5750,5670,5720,5800,5960,6110,6320,6280,6220,6240,6220,6270,6190,6780,6950,7350,7070,6940,6590,6620,6630,6620,6700,1,254.3,72.8,302.3,83.5,null,null,9.2,0,2,ISL,,1,1,1
Italy,Ita.,ITA,104000,112000,115000,122000,133000,143000,155000,160000,163000,171000,188000,204000,228000,247000,259000,276000,303000,326000,343000,367000,391000,403000,421000,449000,454000,433000,460000,449000,468000,483000,483000,471000,458000,447000,457000,462000,457000,476000,484000,504000,517000,492000,487000,481000,473000,501000,494000,500000,512000,517000,523000,529000,530000,545000,549000,548000,538000,532000,517000,465000,474000,460000,440000,409000,392000,401000,1,501.1,249.1,450.1,241.4,709.1,330.1,47.2,0,2,ITA,,1,1,1
Japan,Japan,JPN,189000,226000,239000,261000,262000,265000,289000,321000,318000,333000,378000,432000,446000,482000,521000,552000,589000,666000,746000,844000,960000,970000,1030000,1090000,1090000,1030000,1080000,1110000,1070000,1130000,1130000,1110000,1070000,1050000,1120000,1090000,1090000,1080000,1170000,1210000,1270000,1200000,1220000,1210000,1270000,1290000,1300000,1300000,1260000,1280000,1300000,1310000,1340000,1350000,1340000,1350000,1220000,1260000,1170000,1100000,1150000,1340000,1380000,1390000,1350000,1310000,1,1065.3,284.3,1029,202.6,299.2,138.7,86.1,2,2,JPN,,1,1,1
"Korea, Rep.",S. Kor.,KOR,27200,35800,39000,42600,44400,46900,49100,50900,52600,55800,57900,60300,64200,69000,70700,74600,80600,86700,88400,95600,108000,104000,105000,117000,122000,128000,139000,153000,162000,184000,184000,190000,191000,204000,220000,236000,241000,251000,282000,296000,306000,295000,321000,357000,382000,414000,450000,480000,409000,448000,481000,484000,511000,521000,530000,538000,534000,550000,563000,564000,625000,665000,668000,678000,673000,684000,1,994.7,319.6,949.1,227,385.3,163.1,61.7,0,,KOR,,,1,1
Lithuania,Lith.,LTU,10900,18900,21000,23000,25200,27600,30200,32800,35400,31800,33000,33600,35100,36400,37300,38500,39400,40300,40800,41400,40500,41300,42400,43500,45100,46500,47400,48300,50100,50100,50900,51100,51300,51800,51500,52600,52600,53800,54100,53700,50800,52800,33600,27500,26100,25100,26100,25600,26500,23800,22200,23400,23900,24000,24900,26000,24400,26500,25500,21100,21900,22300,22200,20900,20900,21100,1,571.6,108.1,540.7,150.6,775.6,272.8,14.2,0,0,LTU,,1,1,1
Luxembourg,Lux.,LUX,9140,10800,11300,10600,10800,12000,12600,13200,12500,12900,14100,14300,14400,14300,15300,15300,14800,14600,15700,16800,17200,16500,16900,17600,18200,14900,14800,13800,14900,15200,13900,12000,11300,10700,11500,11700,11500,11100,11500,12300,12800,13300,13100,13200,12400,9970,10000,9370,8480,8950,8960,10200,11000,11400,12800,13100,12900,12300,12200,11700,12200,12100,11800,11300,10900,10400,1,465.9,178.6,414.9,204.6,630.5,281.3,13.1,0,0,LUX,,1,1,1
Latvia,Lat.,LVA,6340,9090,9930,10700,11600,12700,13800,14900,16000,15000,15600,15900,16600,17300,17800,18400,18900,19500,19800,20300,20400,21000,21700,22500,23300,24100,24600,25100,26100,26200,26700,26800,27000,27300,27100,27800,27900,28500,28700,28800,28000,15700,10800,7320,5440,4000,4090,3490,3000,2240,1640,10900,11100,11100,11100,11200,232,630,158,-513,632,1730,1660,1620,1590,1700,1,606.9,108.1,540.7,138.6,773.7,244.6,12.1,0,0,LVA,1,1,1,1
Mexico,Mex.,MEX,145000,177000,190000,198000,206000,220000,227000,242000,253000,264000,272000,320000,329000,349000,373000,380000,395000,406000,415000,428000,453000,439000,436000,439000,455000,467000,486000,485000,521000,536000,567000,590000,719000,704000,715000,741000,753000,772000,769000,816000,825000,838000,782000,774000,787000,765000,778000,795000,818000,798000,828000,816000,805000,813000,840000,849000,621000,652000,688000,670000,690000,697000,690000,694000,702000,707000,1,78,178.6,86.1,379.5,652.7,417.3,56.4,1,,MEX,,,1,1
Malta,Malta,MLT,316,328,314,304,387,418,375,387,410,471,420,379,416,497,587,562,508,618,739,756,768,766,947,914,854,775,878,926,1060,1030,1150,1270,1440,1130,1510,1350,1640,2020,2180,2350,2400,2400,2560,2940,2820,2590,2670,2690,2710,2830,2680,2870,2890,3180,3070,3040,3080,3180,3110,3000,3030,3130,3250,2920,2940,2240,1,466.1,284.4,440.1,295.5,781.5,370.3,9.5,0,2,MLT,,1,1,1
Netherlands,Neth.,NLD,79200,83200,83600,85000,88900,92400,97400,97800,101000,102000,109000,113000,122000,130000,136000,141000,146000,150000,158000,161000,183000,183000,202000,213000,212000,205000,221000,217000,224000,241000,233000,222000,189000,194000,202000,204000,201000,208000,203000,218000,221000,232000,232000,234000,237000,234000,245000,236000,236000,223000,221000,222000,221000,221000,222000,217000,210000,209000,209000,203000,215000,201000,197000,197000,189000,197000,1,465.9,143.3,392.3,140.7,627.3,294.5,35.7,0,0,NLD,,1,1,1
Poland,Pol.,POL,188000,199000,206000,218000,229000,237000,252000,266000,267000,283000,295000,306000,318000,334000,349000,355000,364000,375000,395000,417000,419000,429000,447000,458000,470000,498000,518000,537000,550000,557000,572000,506000,519000,523000,535000,545000,553000,556000,556000,537000,453000,444000,431000,432000,426000,427000,441000,432000,401000,390000,379000,367000,357000,371000,376000,377000,308000,309000,301000,283000,302000,383000,376000,373000,360000,363000,1,536.4,143.3,495.8,144.3,730.7,256.6,44.9,0,0,POL,,1,1,1
Portugal,Port.,PRT,17000,16800,16900,17700,17800,18800,19800,20700,20700,21400,21800,22800,23100,24300,25800,26500,26800,27700,28600,30800,31000,32100,34700,36800,36800,37200,38000,39300,40600,43100,43900,44700,47100,48000,46000,44300,48200,49500,50600,59900,61100,64300,68200,66900,68100,72900,70200,73300,78700,86200,85400,88900,93100,88900,91100,94000,82400,80000,77300,74300,70500,70900,69100,67300,66800,71400,1,395.3,249.1,357.3,283.6,646.5,376.1,21.4,0,2,PRT,,1,1,1
Romania,Rom.,ROU,73600,77100,81800,86900,91000,95900,101000,108000,114000,117000,121000,127000,135000,141000,145000,153000,160000,171000,181000,193000,199000,206000,213000,227000,233000,245000,257000,261000,276000,279000,277000,279000,276000,294000,276000,280000,285000,292000,289000,307000,251000,207000,193000,184000,180000,186000,189000,178000,158000,139000,145000,151000,150000,154000,152000,149000,148000,151000,145000,125000,120000,-33400,-35900,-46000,-46200,-44800,1,606.9,213.8,524.3,227.8,756.2,354.9,25.2,0,0,ROU,1,1,1,1
Russian Federation,Russia,RUS,723000,1070000,1180000,1280000,1410000,1560000,1710000,1860000,2000000,1880000,1950000,2000000,2070000,2170000,2250000,2340000,2420000,2480000,2520000,2580000,2560000,2660000,2750000,2790000,2860000,2970000,3070000,3150000,3220000,3220000,3310000,3300000,3360000,3420000,3470000,3650000,3700000,3830000,3960000,3940000,3850000,3800000,3270000,3080000,2770000,2690000,2630000,2490000,2530000,2500000,2530000,2420000,2440000,2600000,2550000,2570000,2480000,2490000,2660000,2430000,2510000,2570000,2660000,2540000,2550000,2570000,1,889,213.8,608.6,140.7,46,169,101,2,0,RUS,1,1,1,1
Saudi Arabia,S. Ara.,SAU,9810,6590,7100,8000,9160,10500,10800,11900,14200,13500,15100,17000,19900,21500,22800,22200,25600,46700,52600,61400,58200,74000,90200,121000,126000,105000,128000,141000,135000,155000,184000,177000,160000,158000,143000,155000,181000,172000,184000,187000,171000,236000,256000,281000,282000,230000,253000,224000,221000,237000,301000,307000,334000,343000,404000,410000,444000,410000,449000,485000,533000,523000,585000,567000,621000,643000,1,747.9,390.1,555.7,351.6,38.8,442.7,62.4,0,,SAU,,,,1
Slovak Republic,Slo. Rep.,SVK,24600,25900,27400,28500,30200,31600,33700,35600,38500,39400,41700,44700,47200,49200,51300,51000,51600,52600,55100,58300,63100,65300,67200,67500,68000,70500,72500,74100,74300,73500,74100,72500,71200,70500,76200,75600,75300,74900,75400,76300,74500,55200,49700,46200,43600,44800,45200,45000,43500,42200,40200,43300,41300,41800,42400,42400,45100,43300,44000,39500,40400,40600,38400,38000,35800,36400,1,571.6,178.6,524.4,189.2,730.7,216.8,18.7,0,0,SVK,1,1,1,1
Slovenia,Slo.,SVN,4600,4560,4600,4740,5120,5470,5880,6230,6320,6840,7280,7610,7860,8290,8960,9420,9720,10300,11100,11500,13500,14200,13500,16500,16600,16900,17500,17400,19400,21000,20800,19700,19000,20400,21100,19700,20500,19900,19600,19500,18700,10600,10700,10900,11300,12000,12700,13100,12800,12200,12400,9780,9930,9640,9970,10300,13000,13100,13800,11800,11900,13500,12900,12200,10500,10700,1,536.4,249.1,503.2,238.7,775.6,287,14.2,0,2,SVN,,1,1,1
Sweden,Swe.,SWE,46100,51200,52500,50900,53300,58500,63400,59200,63100,64000,71300,71500,74300,78600,84200,86800,97200,93900,103000,113000,117000,109000,109000,113000,105000,104000,111000,108000,101000,107000,92700,89700,81300,76900,76900,81800,80500,77800,75200,73200,72100,72200,71700,72000,74500,74300,77800,73000,73300,70400,69200,69500,70400,70900,69900,67400,64900,63200,61000,56700,62600,58500,55100,53500,52000,51000,1,536.4,72.8,497.8,101.3,730.7,235.5,21.1,0,0,SWE,,1,1,1
Turkey,Tur.,TUR,150000,130000,127000,126000,123000,119000,120000,121000,121000,122000,121000,122000,125000,125000,127000,129000,137000,142000,147000,150000,150000,155000,163000,170000,173000,179000,190000,201000,196000,194000,196000,190000,197000,198000,208000,218000,232000,250000,248000,268000,279000,204000,210000,219000,213000,229000,246000,258000,261000,260000,279000,251000,258000,278000,290000,312000,312000,344000,342000,351000,357000,376000,389000,382000,396000,415000,1,677.4,319.6,561.5,245.4,101.2,442.7,48.8,2,2,TUR,,1,1,1
United States,USA,USA,3630000,3780000,3560000,3550000,3430000,3670000,3860000,3830000,3860000,3810000,3880000,3830000,3960000,4100000,4240000,4380000,4700000,4880000,5040000,5300000,5620000,5460000,5730000,5950000,5760000,5580000,5890000,6030000,6210000,6280000,6060000,5870000,5600000,5630000,5820000,5810000,5820000,6040000,6320000,6450000,6310000,6030000,6140000,6250000,6350000,6420000,6620000,6660000,6720000,6790000,6920000,6750000,6800000,6840000,7020000,7000000,6920000,7100000,6810000,6380000,6580000,6740000,6500000,6630000,6700000,6540000,1,78,143.3,37.1,206.8,10.1,269.9,172.7,0,2,USA,,1,1,1
South Africa,S. Africa,ZAF,122000,127000,132000,132000,135000,143000,146000,149000,155000,155000,160000,168000,175000,182000,194000,205000,208000,218000,226000,236000,234000,246000,250000,255000,258000,259000,267000,269000,271000,294000,298000,321000,335000,341000,367000,371000,374000,373000,388000,388000,365000,374000,362000,376000,393000,415000,423000,447000,441000,455000,448000,448000,461000,484000,500000,503000,485000,513000,501000,506000,525000,536000,536000,536000,558000,540000,1,571.9,636.9,425.9,442,339.7,464.2,56.9,0,,ZAF,,,,1
Aruba,Aru.,ABW,1180,1860,1080,1240,2510,2080,2690,1840,1610,2070,1780,1860,2040,1960,1900,1710,1600,1970,1830,2400,2660,2330,2260,2500,2270,1660,3490,1840,1580,1660,1700,1630,1810,960,2310,2700,236,507,674,712,1700,1750,1530,1670,1690,1750,1760,1850,1870,1880,2460,2490,2520,2640,2700,2800,2800,2910,2750,2720,2600,2590,1440,952,964,999,,null,null,232,443.8,null,null,8.1,,,ABW,,,,
Afghanistan,Afg.,AFG,9680,9800,10100,10500,10900,11300,11800,12300,12700,13000,13200,13000,13500,13900,14400,14900,15600,16200,16700,16600,17300,17400,15000,15700,16900,18000,18100,18300,17900,17700,17600,17700,17800,17700,17000,16600,14700,14900,15300,14600,14500,14800,13300,13400,13400,13800,14800,15700,16500,17500,16300,14800,17700,18600,18400,19300,19900,20800,24200,27600,31500,35700,35400,34100,34400,33300,,818.5,354.9,660.9,351.6,null,null,13.2,,,AFG,,,,
Angola,An.,AGO,97300,99600,97400,98200,98900,99600,100000,101000,102000,103000,105000,108000,110000,114000,116000,119000,119000,120000,120000,125000,123000,123000,127000,129000,131000,125000,130000,122000,128000,129000,125000,136000,144000,152000,157000,151000,150000,152000,156000,153000,184000,181000,193000,198000,206000,225000,229000,215000,237000,231000,226000,217000,224000,206000,221000,231000,166000,192000,174000,178000,186000,217000,184000,200000,181000,202000,,536.6,566.4,437.2,412,null,null,19.5,,,AGO,,,,
Albania,Alb.,ALB,2640,2740,2720,2760,2870,3050,3260,3970,3690,3970,4590,4810,5010,4630,4590,4830,5230,5410,5780,5970,6440,6930,8170,7850,6870,6950,7310,8100,8960,10000,7610,9800,9630,9960,10200,10200,10400,9900,9880,11700,7520,6270,4280,4240,3970,4070,4270,3830,4070,5460,6140,6930,7450,8050,8010,8020,6660,6820,6960,7020,7400,8200,8040,8120,8860,8090,,536.4,319.6,519.5,285.3,null,null,11.5,,0,ALB,,,,
Andorra,And.,AND,165,166,168,173,179,186,194,202,211,220,229,239,252,267,283,299,315,330,343,353,359,362,372,394,384,365,388,384,393,412,394,376,361,358,359,365,366,369,369,371,400,388,388,391,388,406,435,446,472,494,505,495,503,506,532,547,507,500,500,478,478,470,466,455,440,461,,null,null,396.6,256.3,null,null,7.5,,,AND,,,,
United Arab Emirates,U.A.E.,ARE,3250,3520,3830,4150,4510,4900,5320,5780,6280,6810,7390,7980,8540,9140,9840,10700,11800,13900,15900,37400,24600,32600,35800,46100,47000,46500,57700,55700,63500,48600,48500,45100,43900,42300,55800,57700,53600,53500,53300,59800,58900,63300,64800,71500,131000,125000,109000,105000,119000,111000,136000,135000,126000,157000,171000,183000,185000,200000,226000,241000,233000,242000,256000,250000,300000,323000,,783.2,425.4,597.5,413.9,669.7,473.7,39.4,,,ARE,,,,
Armenia,Arm.,ARM,2480,4300,4780,5240,5730,6300,6910,7560,8230,7450,7830,8060,8500,8940,9320,9710,10000,10300,10500,10800,10300,10700,11000,11300,11800,12300,12700,13000,13500,13600,13900,14100,14400,14700,14800,15300,15100,16100,17800,18000,26600,24200,26100,15600,14800,14600,11700,11300,9730,7680,6280,6410,6150,6660,7130,8000,8210,8950,9730,8640,8690,8920,9870,9890,10000,9280,,747.9,319.6,578.8,302.8,null,null,11.4,,0,ARM,,,,
Antigua and Barbuda,A. and B.,ATG,19.7,20.4,21.5,22.8,23.8,25.4,26.7,50.6,59.7,60.8,69.6,81.1,140,122,132,195,406,638,1090,1380,549,515,462,418,515,794,490,554,584,507,249,212,403,191,255,360,359,385,397,393,390,376,373,382,381,391,411,428,442,455,471,477,501,537,558,567,678,707,720,751,748,652,665,667,677,700,,254.3,213.8,262.4,425,null,null,7.7,,0,ATG,,,,
Azerbaijan,Aze.,AZE,10300,14300,15800,17200,18700,20700,22900,25100,27400,26500,28200,29500,31700,33700,35300,37000,38700,40700,42400,44200,45700,48500,51100,53800,56900,60000,62100,64200,67800,68200,70000,71500,72700,74100,74600,76800,76900,79800,81800,81100,79300,69700,61200,52200,46200,48700,41500,40500,40100,40500,41900,42800,43400,45600,47900,51700,49700,43700,54100,48300,48400,48300,50600,51200,53900,58800,,747.9,284.3,590.2,294.1,null,null,20.1,,0,AZE,1,,1,
Burundi,Buru.,BDI,3800,3870,3830,3850,3840,3870,3890,3920,3950,4060,4130,4420,4460,4620,4740,4890,4990,5160,5200,5510,5430,5500,5660,5790,5900,5800,6060,5810,5960,6060,5790,5960,6260,6580,6810,6660,6790,6790,7000,6970,7030,7010,7350,7570,7870,8300,8350,8250,8630,7890,7950,8760,8680,8170,8300,8430,2880,2800,3760,3500,3650,7450,7760,8110,8140,8220,,642.3,566.4,460.2,421.8,null,null,7.5,,,BDI,,,,
Benin,Benin,BEN,8440,8570,8460,8540,8610,8690,8770,8860,8980,9080,9300,9600,9810,10200,10400,10700,10900,11100,11100,11600,11700,11700,12000,12600,11700,11800,12300,12500,12200,12600,13700,13600,14900,15100,15600,15200,14900,15000,15000,15300,13500,13400,14300,14900,16000,16600,16700,16300,18100,18100,18200,17700,19100,17600,17600,19200,22400,23300,23300,23300,23800,24200,24300,25000,25700,25900,,501.1,460.6,416.9,375.5,null,null,11.8,,,BEN,,,,
Burkina Faso,B.F.,BFA,8980,8960,8840,8640,8390,8110,7840,7600,7380,7290,7350,7770,8030,7980,8420,9030,9270,9530,9770,10000,10100,10300,10000,9850,10100,10400,10600,10700,11100,11500,11800,12300,12600,12800,13100,14100,14400,14700,15100,15600,15400,15900,16400,16900,17500,18100,18900,19700,20800,19900,19600,19900,21000,23800,24100,25600,36100,37300,38200,38900,40400,38200,38400,40000,40200,41500,,500.9,425.4,416.6,364.3,null,null,9.9,,,BFA,,,,
Bangladesh,Bangl.,BGD,49000,49800,50700,47600,47700,48200,48600,49100,49100,49600,50000,49700,49700,51100,52200,53500,54200,56300,51800,52400,52100,50500,51200,54200,55800,57900,61000,63800,67500,70500,67300,71400,73400,72800,75500,76900,78800,79100,82200,84400,86100,93300,97300,98600,92400,101000,106000,109000,111000,117000,121000,128000,143000,150000,155000,154000,140000,142000,149000,153000,160000,175000,180000,183000,188000,200000,,924.2,390.1,800,399.7,null,null,25.7,,,BGD,,,,
Bahrain,Bah.,BHR,1630,1440,1570,1290,1370,1770,1430,1150,1740,1800,1080,2350,2210,1840,2300,1980,1450,1910,2130,2440,3610,4220,6670,8370,8630,8890,9880,10900,11300,11800,11600,12400,14300,12700,13900,15200,16400,16700,17600,17300,18600,15200,14600,18900,18800,18900,19800,21800,22900,22700,23200,18700,20700,21300,22500,24900,25000,33100,36200,34700,36000,35400,33600,38500,38700,39000,,818.5,390.1,618.1,395.1,null,null,18.9,,,BHR,,,,
"Bahamas, The",Bah.,BHS,185,201,218,228,238,294,313,362,373,471,648,804,1010,998,1440,1700,1460,2110,2030,2160,3010,7180,6950,8350,7860,8740,6960,10200,7120,7450,8520,3360,2820,2580,2430,2080,1990,2020,2150,2570,2590,2440,2450,2370,2370,2390,2390,2090,2450,2450,2470,2290,2300,2220,2630,2580,7380,7410,7400,7410,7390,3240,3190,4160,3650,3830,,148.5,178.6,217.6,370,null,null,9.6,,0,BHS,,,,
Bosnia and Herzegovina,B. and H.,BIH,13400,13200,13300,13300,14000,14700,15500,16000,16100,17000,17700,18200,18500,19100,20100,20400,20400,20400,21000,21100,23800,25200,23900,25800,26100,26600,26800,25600,26700,27900,27200,30000,28200,30400,32000,32300,32800,32400,33000,33500,36000,25100,6290,-1110,-717,-869,1890,4680,8870,9590,10800,19100,20100,21200,22700,23700,25500,25900,28300,29400,30300,33500,31900,31700,32300,30300,,571.6,284.3,501.8,268.3,null,null,16.8,,,BIH,,,,
Belarus,Bela.,BLR,32300,51700,56900,62000,67300,73500,79900,86500,92900,84100,87200,88700,92300,95900,98200,101000,103000,106000,107000,109000,106000,109000,111000,114000,118000,122000,125000,127000,132000,132000,135000,135000,137000,139000,139000,144000,143000,148000,149000,147000,144000,120000,111000,98000,81500,73500,75700,79800,76700,73200,71700,63400,65500,64500,69300,70900,66500,66200,69700,65600,68600,94500,94300,95400,94600,90600,,606.9,143.3,540.7,164.9,null,null,24.3,,0,BLR,,1,1,
Belize,Belize,BLZ,648,785,832,878,916,952,978,1000,1030,1050,1070,1310,1430,1490,1570,1620,1650,1710,1710,1770,1780,1680,1680,1660,1660,1680,1680,1720,1750,1750,1740,1730,2200,2330,2430,2540,2620,2680,2730,2800,2870,2920,2660,2580,2520,2440,2330,2310,2420,2320,2380,2260,2210,2780,2120,2550,6260,7330,6990,6420,6100,3620,3100,4870,3280,3730,,78,213.8,142.5,435.9,null,null,7.6,,,BLZ,,,,
Bolivia,Bol.,BOL,42900,58400,63800,68300,72500,76300,78900,80900,82600,84200,85600,116000,126000,133000,140000,145000,148000,151000,154000,156000,162000,141000,142000,137000,137000,139000,143000,138000,143000,145000,147000,145000,203000,219000,225000,237000,245000,254000,253000,255000,245000,246000,213000,205000,199000,198000,203000,212000,213000,210000,203000,194000,188000,193000,208000,209000,156000,160000,158000,159000,189000,171000,171000,172000,175000,183000,,219.1,425.4,182.4,494.7,null,null,16.4,,,BOL,,,,
Barbados,Barb.,BRB,162,205,186,216,226,248,255,274,296,302,326,353,431,350,348,372,441,525,633,682,628,680,699,683,686,754,716,776,829,795,881,894,858,898,956,1050,1130,1170,1170,1230,1310,1450,1220,1350,984,1070,1090,1130,1380,1450,1420,1450,1440,1480,1520,1570,1640,1640,1900,1890,1750,1750,1700,1670,1490,1550,,289.6,249.1,262.4,473,null,null,8.6,,,BRB,,,,
Brunei Darussalam,Bru.,BRN,1510,1420,1490,1520,1610,1640,1740,1830,1960,2070,2170,2230,2360,2430,2480,2570,2830,2900,2950,3150,10700,9490,12000,13800,11800,11000,10700,11800,15200,12800,13000,7170,7890,9190,6900,7290,7080,8690,10600,10800,10600,10000,10100,9790,9620,10000,9970,10300,12000,9090,10100,10100,10100,10700,11100,11100,12500,15900,17100,15900,16100,16300,16400,14600,16300,15800,,994.7,460.6,889.4,464.9,null,null,12.9,,0,BRN,,,,
Bhutan,Bhu.,BTN,3560,3620,3700,3320,3300,3320,3330,3350,3320,3350,3380,3430,3360,3400,3370,3440,3510,3580,3050,3000,2980,2940,2950,3210,3400,3440,3740,3960,4130,4300,4400,4810,4910,4980,5070,5140,5120,5200,5250,5290,5480,6300,6850,6960,6940,6980,6990,6930,6880,6820,6620,6390,7830,8150,8370,7810,-962,-857,-956,-954,-801,-1500,-1370,-1300,-1250,-1340,,924.2,354.9,812.5,391.4,978.8,394,8.3,,,BTN,,,,
Botswana,Bots.,BWA,9170,9140,8950,8690,8360,8000,7640,7310,7050,6890,6870,7890,7950,7980,8010,7680,7450,7760,7980,8360,8820,8500,8780,8940,9170,9640,10400,11000,10800,11100,11000,11200,11400,11300,11000,10900,10700,11100,11300,11700,24300,23600,23700,23500,24000,24900,29600,31900,34100,29700,26700,23100,42100,20700,15800,22500,46800,65600,50200,29900,38900,57600,41900,70600,37000,50900,,571.9,601.7,456.8,429.9,null,null,12.1,,,BWA,,,,
Central African Republic,C.A.F.,CAF,28500,28500,28300,27900,27400,26800,26300,25900,25600,25500,25600,27100,27500,27900,28300,28800,29300,29700,30200,30700,32000,31500,31300,33100,28100,29400,30300,33900,30400,32700,38100,33700,37500,36000,35800,33500,34000,35200,33700,35900,27400,25900,27200,26800,27000,28000,28700,32000,35400,31800,33300,27300,23500,30200,25300,28400,47300,55000,50000,42900,45800,47900,44500,47800,47200,48200,,607.1,495.9,457.9,391.9,null,null,7.2,,,CAF,,,,
Switzerland,Switz.,CHE,19900,22300,21100,20100,22800,24100,28200,29000,27600,28000,31400,32400,36900,42500,41300,44200,45600,47000,51200,53600,56200,57700,58900,63000,57500,54700,56500,57200,58600,55800,56500,54400,51600,55700,54600,55400,58200,55700,56200,55000,53300,53500,53200,50500,49600,50400,51200,49900,51500,51300,50500,52500,50900,52100,52800,53400,51200,49300,50800,49500,51100,48800,50200,51100,47200,46600,,501.1,213.8,460,221.7,759.3,310.4,19.7,,0,CHE,,1,1,
Chile,Chile,CHL,23400,28000,29900,31100,33200,34900,36200,37000,38400,39300,40500,46600,50300,52300,54100,55600,57800,59100,61000,62500,64800,63900,65000,63700,62500,59600,60400,59800,60000,62200,63000,62600,69000,72100,75600,76100,78800,80500,85800,92000,93000,91500,87200,89100,93800,96000,101000,108000,108000,111000,109000,105000,106000,106000,111000,113000,82800,89100,90600,84900,90600,-172,1650,2110,1410,3600,,183.8,495.9,171.8,540.2,452.2,464.2,26.9,,,CHL,,,,
Cote d'Ivoire,Ivo. Co.,CIV,54200,55800,54500,55800,57200,58600,60000,61500,62900,64200,65500,66900,67700,70100,71400,73200,73300,74300,73300,76700,75300,76500,78200,81200,80000,77400,83800,79600,80900,83300,85200,89300,99400,102000,107000,104000,102000,104000,109000,107000,96600,93900,101000,107000,114000,124000,125000,120000,128000,126000,125000,126000,126000,110000,111000,119000,26500,25800,25900,24000,25700,26300,28600,30800,30400,30800,,430.7,460.6,378.8,375.5,null,null,13.6,,,CIV,,,,
Cameroon,Cam.,CMR,19300,19700,19600,19600,19700,19800,19900,20100,20300,20500,20800,21800,22100,22900,23100,23700,24200,24700,24800,26000,26300,26800,26800,27700,26600,26900,28500,29400,29200,30100,34300,36500,39600,47800,49300,47800,47300,46100,39500,50000,42600,41200,45600,47100,45100,47100,47800,45800,50700,49300,50600,48700,47400,47200,45400,48500,140000,143000,140000,142000,140000,139000,139000,147000,144000,142000,,571.5,495.9,457.2,371.9,null,null,12.1,,0,CMR,,,,
"Congo, Dem. Rep.",D.R.C.,COD,128000,130000,130000,133000,135000,138000,141000,144000,146000,149000,151000,155000,158000,162000,165000,168000,170000,173000,175000,179000,232000,147000,157000,167000,152000,169000,160000,172000,181000,226000,191000,179000,201000,206000,175000,174000,167000,212000,168000,181000,138000,133000,146000,142000,150000,158000,157000,158000,168000,157000,153000,150000,150000,141000,147000,151000,223000,220000,214000,217000,221000,222000,214000,221000,220000,224000,,571.9,531.2,456.8,410.8,null,null,11,,,COD,,,,
"Congo, Rep.",Congo,COG,23900,24700,24100,24700,25300,26000,26700,27300,28000,28500,29200,29800,30100,31300,31800,32500,32600,33000,32600,34100,35000,32100,33100,35300,36000,34200,36300,33000,34200,36300,34100,37300,41600,43800,44200,43000,41900,44000,44000,43600,42300,41100,44900,46700,50900,54000,54000,52600,55300,54500,54600,54100,52100,47600,48400,51800,20300,18400,19300,19500,19700,23200,29200,32300,24000,27800,,536.6,531.2,456.8,400.8,null,null,10,,,COG,,,,
Colombia,Col.,COL,93200,115000,123000,132000,138000,146000,152000,157000,161000,166000,169000,212000,226000,238000,247000,256000,261000,267000,273000,278000,284000,266000,266000,265000,267000,268000,273000,274000,279000,282000,282000,284000,361000,383000,396000,410000,422000,432000,436000,441000,443000,445000,406000,399000,394000,383000,380000,382000,384000,369000,374000,372000,367000,371000,367000,373000,337000,340000,346000,352000,358000,209000,210000,222000,219000,225000,,183.8,390.1,155.3,467.7,null,null,27.1,,,COL,,,,
Comoros,Como.,COM,213,213,210,206,200,194,188,182,178,182,182,180,188,204,213,237,257,252,244,249,264,266,270,275,281,290,308,314,309,310,336,337,336,334,341,337,335,338,349,358,374,383,392,409,412,428,447,456,491,493,499,508,528,559,578,566,677,603,644,672,721,708,728,776,759,765,,748,566.4,516,423.5,null,null,6.9,,,COM,,,,
Cabo Verde,C. Verde,CPV,185,157,108,90.9,89.3,87.6,93.9,80.3,75.2,78.6,83.1,79.6,80.3,80.8,98.1,97.9,101,96.6,108,117,115,114,133,142,143,155,154,164,297,341,220,135,145,134,183,191,175,208,215,230,251,264,301,307,293,327,318,336,365,398,428,453,497,537,571,695,672,722,705,771,816,690,586,584,581,631,,395.3,354.9,385,357,null,null,7.6,,,CPV,,,,
Costa Rica,Co. Rica,CRI,8150,10200,10900,11600,12100,12500,13000,13300,13500,13700,14000,17800,19200,20300,21200,22100,22700,23000,23500,24000,24400,22900,22900,23000,22700,22700,22800,23600,24000,24100,24000,24000,31100,33200,34800,36200,37500,38200,38600,38800,38600,39700,36400,35900,36500,35400,35300,35300,35300,34600,33900,33700,33500,33800,33800,33700,5620,6760,7080,7120,6890,3840,3850,3830,4030,4510,,113.3,319.6,130.1,463.5,966.4,394,12.4,,,CRI,,,1,
Cuba,Cuba,CUB,23500,28000,29400,30700,31800,34000,34100,43300,48400,46800,45400,48900,54100,55000,58000,59800,61600,63100,64300,66100,68200,64600,64700,66500,67100,71300,72000,74200,76300,79200,78300,80300,93200,92200,98600,101000,104000,105000,107000,108000,105000,101000,94200,88400,89500,81400,81900,79000,77800,77700,78200,76600,75600,74100,73100,73000,77500,76900,80500,80300,87900,34800,35000,33800,34100,35300,,148.5,213.8,198,389.3,null,null,19.6,,,CUB,,,,
Djibouti,Dji.,DJI,225,239,235,233,229,225,209,217,215,200,204,231,241,267,291,334,363,320,367,338,410,442,479,474,504,530,550,590,616,790,806,748,798,837,865,905,946,994,993,1080,1050,1050,1050,1070,1090,1140,1190,1220,1230,1260,1290,1330,1370,1400,1400,1410,1410,1470,1510,1480,1550,1510,1570,1660,1790,1700,,677.4,460.6,489.5,390.3,null,null,7.9,,,DJI,,,,
Dominica,Domin.,DMA,14.6,18.5,24.2,20.3,21.4,22.5,23.7,24.9,30.9,36.8,37.6,39.5,39.3,44.1,44.2,44.1,44,53.9,54.1,49.4,57.3,58.7,60.1,61.6,66.6,68.5,79.9,79.3,78.2,81,89,90.7,97.3,94.5,99.7,106,109,115,123,137,138,139,137,141,144,154,146,154,152,157,179,187,174,189,187,190,713,756,732,733,741,322,330,327,331,336,,254.3,284.3,262.4,435,null,null,6.8,,,DMA,,,,
Dominican Republic,Dom. Rep.,DOM,7820,9750,10700,11300,11800,12500,12900,13200,13500,13800,13900,17800,19100,20000,21300,21800,22300,22500,23600,24200,24800,23700,24600,25600,26100,26000,26200,25600,25400,27000,26700,26400,33700,37300,38400,39400,41200,43200,43600,44500,43600,45800,43900,44600,45500,47700,47400,46700,45900,46300,48000,48400,49900,49500,47100,47300,20100,22300,21900,22000,22900,23100,23800,23200,23300,24800,,219.1,213.8,233,408.9,null,null,16.7,,,DOM,,,,
Algeria,Alg.,DZA,15300,15700,15600,15800,16000,16500,17000,17700,17600,18400,19300,20600,21000,21400,23000,25700,29000,31000,33200,36800,34300,40000,56500,72100,61600,60100,72200,77200,100000,83600,103000,79600,72900,89100,110000,117000,121000,129000,128000,126000,122000,126000,133000,135000,137000,149000,152000,144000,166000,154000,150000,143000,148000,154000,151000,171000,159000,167000,168000,180000,180000,189000,200000,205000,218000,227000,,501.2,354.9,435.6,338.2,null,null,33.7,,,DZA,,,,
Ecuador,Ecu.,ECU,17500,21800,23500,24900,26300,27700,28700,29300,30200,30800,31800,39300,42300,44900,46800,48600,50100,51300,52600,53600,55100,50500,50300,50700,51200,52200,53500,53200,56200,58600,60400,64100,82300,86700,92700,93900,92500,93100,97300,101000,98600,98900,95800,95800,84500,92400,93000,86100,89200,87100,84800,88400,88500,89900,92600,93200,84200,86600,88900,92000,92800,95200,94800,97400,99700,99700,,183.8,425.4,161.2,494.7,null,null,21.2,,,ECU,,,,
"Egypt, Arab Rep.",Egy.,EGY,28100,28600,28900,28500,29100,27600,26500,28400,30100,29000,32800,34500,37700,41900,47000,49700,49000,42900,48800,45800,48600,50200,53300,51000,54500,60400,65600,69800,72300,76500,79600,86700,94000,94700,103000,103000,116000,118000,119000,117000,124000,127000,131000,144000,136000,149000,156000,162000,175000,180000,196000,188000,195000,223000,229000,252000,262000,274000,289000,292000,294000,308000,309000,307000,297000,305000,,606.8,390.1,492.6,351.6,null,null,38.7,,,EGY,,,,
Eritrea,Eri.,ERI,4570,4580,4500,4410,4290,4160,4030,3920,3830,3780,3790,4010,4060,4130,4190,4260,4300,4350,4380,4440,4420,4480,4430,4510,4550,4400,4440,4400,4480,4530,4500,4660,4710,4890,4830,4970,5200,5000,5080,5240,5360,5370,5670,5500,5660,5880,6380,6720,6640,6800,6970,6790,6560,6680,6920,7060,6560,6830,6700,6790,6850,7030,7150,7220,7300,7340,,642.1,425.4,481.5,390.3,null,null,7.9,,,ERI,,,,
Ethiopia,Ethi.,ETH,64900,65100,63900,62900,61600,60000,58500,57300,56300,55800,56000,58700,59400,60500,61200,62300,62900,63700,64200,65400,64700,65900,65700,67200,67500,65000,66300,64900,66200,67100,66700,69500,71600,74900,74800,76300,78700,76400,77900,79800,75100,75900,76900,78500,80600,82700,85100,91100,95400,96000,91800,92600,101000,98100,101000,99800,117000,117000,128000,131000,135000,118000,126000,128000,133000,135000,,642.1,460.7,481.6,398.6,922.9,394,13.8,,,ETH,,,,
Fiji,Fiji,FJI,480,501,531,550,547,571,607,580,605,637,644,647,727,746,957,865,837,918,984,1050,1160,1200,1250,1310,1400,1360,1250,1570,1500,1710,1680,2000,1760,1620,1540,1550,1640,1520,1610,1730,1910,103,185,263,312,383,434,417,365,331,357,245,66.5,174,520,249,3030,2990,2750,2640,3050,-710,-732,-634,-604,-646,,1171.1,601.7,1043.4,609.8,null,null,8.5,,,FJI,,,,
"Micronesia, Fed. Sts.",Micr.,FSM,43.7,45.2,46.8,48.5,50.3,52.3,54.3,56.4,58.5,60.6,62.7,67,69.7,69.9,72.1,74.5,82.2,92.2,90.2,93.7,100,104,109,111,112,111,104,114,113,115,119,126,129,124,127,132,133,139,144,151,154,124,124,123,126,139,140,144,151,144,158,203,178,178,178,156,156,175,154,198,151,159,174,182,154,153,,1135.8,495.9,1024,579.9,null,null,6.9,,,FSM,,,1,
Gabon,Gabon,GAB,7760,8050,7860,8060,8260,8480,8720,8950,9160,9320,9640,9870,9920,10300,10600,10900,11100,11900,12700,12700,12500,13400,13600,17800,18400,18100,19500,19000,20800,20300,19600,20900,21800,21300,22900,23200,20700,19600,20400,22500,21500,21100,22900,23700,24400,26200,26600,25500,27600,26800,26400,26600,26000,24500,24400,25100,9110,8690,9140,8790,9120,-85000,-84900,-84600,-85100,-85200,,536.5,495.9,445.6,400.8,null,null,11.2,,0,GAB,,,,
Georgia,Geo.,GEO,8030,14000,15600,17200,18800,20700,22700,24700,26800,24200,25200,25900,27100,28300,29400,30500,31300,32100,32700,33400,31500,31900,32500,32600,33000,34100,34500,34600,35300,35700,35700,36200,36300,36800,37500,38900,38400,40400,42800,47500,46800,33500,20800,11600,7270,4980,8090,8850,9080,7870,7830,7630,7900,8240,8950,9170,11500,12100,11400,10500,10300,17000,18200,17600,19300,17000,,712.7,284.3,566,301.3,null,null,12.9,,0,GEO,1,,1,
Ghana,Gha.,GHA,29500,30500,29700,30400,30900,31500,32000,32700,33300,33900,34600,35300,35700,37200,37800,38500,38300,38700,38200,39800,39100,39500,40700,41800,42700,40400,43400,40600,41500,42000,41300,46000,49600,52000,53600,52200,51700,52200,54300,53300,54500,52800,57200,59900,64000,68600,68800,69400,74300,74200,74900,75200,75400,69000,68900,72800,15900,13600,13800,11200,13200,30100,31500,34900,34700,35200,,465.8,425.4,392.5,375.5,null,null,14.7,,,GHA,,,,
Guinea,Guinea,GIN,20400,20700,20400,20600,20900,21100,21400,21600,21700,22000,22700,23500,23900,24700,25200,25700,25900,26100,25900,26700,26400,26600,27000,28000,27300,26700,28500,27600,27500,28200,28900,30300,32800,33900,35000,33400,32600,33300,34200,34400,32100,31700,33400,34900,37500,40400,40900,38900,42700,42700,42700,42800,43900,40000,40400,42500,31800,32000,34400,32900,33000,34200,35800,35700,35400,36500,,430.7,425.4,398.8,364.6,null,null,9.6,,,GIN,,,,
"Gambia, The",Gamb.,GMB,849,845,836,822,805,784,766,749,745,731,735,780,814,852,883,909,937,902,1010,1030,1080,1110,1110,1090,1120,1180,1200,1220,1270,1260,1310,1370,1390,1330,1320,1370,1400,1440,1480,1470,1460,1490,1500,1500,1550,1590,1590,1570,1600,1850,1840,1800,1730,1700,1920,1920,1610,1640,1720,1920,2100,1970,1930,2030,2180,2280,,430.7,390.1,392.6,357,1107.6,357.5,7.6,,,GMB,,,,
Guinea-Bissau,Gui.-B.,GNB,1510,1520,1500,1470,1450,1430,1400,1380,1370,1370,1380,1470,1500,1540,1590,1580,1560,1530,1530,1560,1550,1580,1610,1690,1730,1770,1860,1810,1810,1840,1890,2050,2220,2240,2280,2190,2200,2240,2330,2390,2320,2310,2420,2490,2590,2690,2650,2640,2940,3290,2960,2850,2850,2810,2690,2710,3550,3490,3520,3580,3760,3790,3980,3930,3980,3990,,395.4,425.4,400.2,357,null,null,7.2,,,GNB,,,,
Equatorial Guinea,Eq. Gui.,GNQ,604,627,610,627,663,689,706,720,752,768,756,772,780,814,828,852,845,862,849,906,866,914,955,911,954,916,991,909,953,954,924,1050,1130,1200,1270,1210,1210,1230,1290,1280,1260,1490,1790,1980,2190,2440,2500,3030,3320,3730,3830,7530,9060,10100,9850,9520,13900,14100,13800,14000,14200,16100,15300,15600,16000,16000,,501.3,495.9,434.3,400.8,null,null,11.3,,,GNQ,,,,
Grenada,Gre.,GRD,26.4,31.1,32.3,33.8,35.5,37.2,39,40.7,46.2,47.6,56.4,52.1,58.6,50.2,58.3,59.5,68.2,75.5,80.7,87.9,85.2,88.9,87.1,95.5,76.3,86.3,88.7,90.6,96.1,92.4,92.5,104,107,107,106,105,108,114,137,144,150,154,162,166,190,197,203,219,229,250,245,253,266,278,268,280,123,130,147,149,157,327,347,382,321,332,,254.3,319.6,262.4,463.5,null,null,7.1,,,GRD,,,,
Guatemala,Gua.,GTM,14200,17400,18500,19600,20600,21700,22400,23000,23600,24200,24700,30700,32700,34500,35900,37200,37600,38100,39300,39800,40500,37900,38200,38000,37400,37600,36900,38100,38700,39800,40400,40100,51200,53900,56500,58800,60800,61900,62400,63100,64200,64800,59300,57100,57200,56100,53900,54300,56400,54900,56600,55800,55300,55200,55500,56800,41200,42600,41000,43000,43000,34900,35300,37500,41600,43100,,42.8,213.8,126.7,435.9,null,null,15.8,,,GTM,,,,
Guyana,Guy.,GUY,6800,8300,8900,9540,10000,10500,10900,11100,11300,11600,12000,14500,15300,15700,17200,18000,18700,18800,19000,19100,19600,17700,17500,17600,17400,17900,17600,17900,18100,17000,17500,17400,22300,23200,24400,25200,25600,26400,26500,26400,25800,25800,22700,21800,21000,20500,20100,20000,20000,19600,19200,19500,18500,18500,18300,19400,14300,14700,14800,16900,12200,18500,22800,20300,25400,22200,,254.3,390.1,219.7,485.5,null,null,9.2,,0,GUY,,,,
"Hong Kong SAR, China",H.K.,HKG,1780,2050,2060,2300,2420,2560,2850,3150,3200,3570,3850,4290,4620,5210,5180,5760,6140,7040,7240,8830,9590,10400,10600,10600,12100,12500,14100,15900,17600,17900,18800,20800,22000,23400,25000,25800,28600,31200,32600,33600,30700,32200,36600,38600,35100,35500,33300,35100,43800,47500,45700,43300,45000,48800,47200,49400,47600,49200,49500,47700,46200,49700,49500,51100,52500,52900,,null,null,913.3,387.1,null,null,21.6,,,HKG,,,,
Honduras,Hon.,HND,9630,12100,13000,13800,14500,15300,15800,16300,16700,17100,17400,22100,23500,24700,25600,26500,27000,27500,28200,28500,29000,26900,26700,26300,26400,26400,26500,27000,27100,27300,27600,27400,36300,39500,41800,43100,44300,45200,46000,46200,46300,46500,41500,39500,39000,38800,37900,38100,38400,37100,37600,37400,37100,39500,38800,40000,43100,45000,44800,44400,44500,46000,45600,46100,46600,47200,,78,249.1,142.5,443.5,null,null,13.1,,,HND,,,,
Haiti,Haiti,HTI,3520,4100,4400,4690,5040,5380,5630,5860,6110,6280,6480,7420,7800,8050,8390,8660,8820,8980,9180,9390,9560,9290,9320,9260,9200,9170,9440,9590,9840,9960,10100,9970,11900,12600,13100,13400,13200,13300,13500,13500,13400,13700,13000,12500,11900,12400,12500,12900,12800,12800,13100,13400,13500,13300,13500,13700,9300,9780,9850,9790,9680,9720,9830,10000,10500,10700,,183.8,213.8,223.2,408.9,null,null,9.9,,,HTI,,,,
"Iran, Islamic Rep.",Iran,IRN,54000,56900,54900,55700,53900,69800,79000,80300,86200,89100,104000,107000,111000,115000,125000,135000,152000,162000,186000,196000,174000,188000,199000,234000,250000,238000,264000,270000,264000,247000,190000,179000,217000,229000,223000,236000,224000,237000,254000,275000,312000,320000,325000,335000,369000,379000,387000,384000,424000,499000,495000,519000,526000,554000,591000,618000,666000,682000,703000,722000,744000,832000,861000,874000,908000,913000,,783.2,354.9,610.3,287,null,null,64.6,,,IRN,,,,
Iraq,Iraq,IRQ,16700,17100,17100,18300,19300,21000,24200,24600,26200,27900,29800,31000,32400,33700,34600,46200,57000,50400,55100,61600,52900,60300,59700,63400,64400,68400,88400,80400,80200,97900,84800,56800,55700,63400,67000,75000,81300,86800,104000,110000,80800,61300,76600,83700,91400,94200,88600,92000,99700,102000,104000,118000,116000,116000,142000,142000,127000,90300,123000,137000,156000,171000,190000,204000,208000,188000,,747.9,354.9,574.5,315.7,null,null,35.8,,,IRQ,,,,
Israel,Isr.,ISR,3090,4370,5160,5600,5940,6480,6550,6980,7420,7550,8470,9260,10200,10700,11700,15700,16600,16900,17500,18900,20000,19900,20700,23300,23500,23900,23900,24300,25600,25600,25700,25600,28600,28600,28600,29900,31700,32600,35400,37200,42700,43200,49200,51500,55100,57700,60200,63400,65900,64900,70500,73900,70600,74700,75200,75900,77600,82700,79900,77400,80400,81200,87200,81000,79200,82700,,677.4,390.1,531.3,327.1,null,null,24.5,,,ISR,,,,
Jamaica,Jam.,JAM,1580,2050,2200,2360,2640,2930,3300,3730,3560,4110,3790,4860,4990,5370,7150,6140,6730,7170,7220,7680,8400,8990,9530,11500,10800,11300,10400,10500,12200,11700,11600,10600,10100,10600,9630,9580,9260,10200,9410,11600,12500,12800,12400,12700,12700,13700,14100,14500,14100,14300,14700,14800,14400,14900,14800,14600,14200,12300,12800,10500,9980,10500,10100,10800,10100,10200,,148.5,249.1,198,416.5,null,null,12.3,,,JAM,,,,
Jordan,Jor.,JOR,623,626,677,714,776,926,1020,1080,1130,1280,1380,1520,1680,1870,1970,2240,2430,2040,2150,2510,2240,2390,2690,3030,3060,3310,3740,3980,4510,4760,5680,6890,7390,8490,9490,9790,10400,10900,10700,10700,11900,11600,14300,14200,15600,15600,16300,16600,16800,16800,17800,18300,19800,20300,22000,24100,24200,25500,25000,25300,24600,25500,28400,28500,30700,30300,,712.7,390.1,555.7,333.8,null,null,17.8,,,JOR,,,,
Kazakhstan,Kaz.,KAZ,133000,157000,168000,180000,195000,216000,233000,252000,266000,266000,275000,278000,286000,298000,308000,319000,331000,340000,347000,356000,354000,357000,382000,378000,379000,385000,399000,401000,406000,400000,406000,388000,386000,380000,388000,409000,416000,420000,430000,429000,384000,361000,335000,299000,251000,230000,213000,199000,191000,163000,192000,181000,201000,221000,230000,243000,268000,276000,277000,274000,305000,295000,303000,310000,316000,299000,,889,249.1,650.9,241.6,709.1,509.4,42.2,,,KAZ,1,,1,
Kenya,Ken.,KEN,22300,22900,22600,22100,21800,21500,21100,20600,20100,20000,20300,22000,22500,22400,23600,23700,24300,24500,24700,25300,26100,27300,28100,28500,29900,29900,30000,30400,32600,34300,33300,34200,35200,38300,39100,38300,39200,40200,42200,43500,44900,42700,44000,45000,46300,47300,46900,45000,47700,48900,46500,46300,46500,46600,49400,51700,11400,25900,25600,24900,23700,25900,25200,24300,25100,30300,,642.3,531.2,482.5,412.8,null,null,14.7,,,KEN,,,,
Kyrgyz Republic,Kyr.,KGZ,8840,11300,12100,13000,14000,15200,16400,17600,18700,18000,18500,18700,19300,20100,20600,21300,22000,22600,22800,23200,23300,23900,25200,25200,25700,26600,27400,27800,28300,28500,29300,28800,29100,29300,29500,31200,31600,32400,32800,32400,30400,24400,20700,16200,11700,8140,8190,9090,7880,7470,7570,7500,8160,8660,9480,9910,26800,27900,29200,29100,28200,15000,17700,17700,17800,16000,,853.7,284.3,696.6,283.9,null,null,13.1,,0,KGZ,,,,
Cambodia,Camb.,KHM,48700,49900,51400,46900,47400,48400,49400,50400,50600,51400,52000,49700,49000,49400,49000,49700,50300,51300,45700,44400,45700,41500,39000,39600,40200,41200,44300,46600,48200,48700,53000,58000,60900,62100,60300,62900,63200,63100,66100,67600,70600,80500,83700,86400,84600,86800,85600,86000,89700,86800,83800,79400,99100,105000,110000,101000,51100,55500,53700,54600,56200,57800,57300,58700,59700,59700,,994.7,390.1,830.4,396.8,null,null,11.9,,,KHM,,,,
Kiribati,Kiri.,KIR,11.4,11.7,12.1,12.5,12.9,13.4,13.9,14.4,14.9,15.4,15.9,15.5,19.3,26.8,28.2,20.9,20.4,31.6,42.8,20.9,32.1,39.9,36.7,48.1,44.7,45.1,45.7,35.2,35.5,39.5,43.7,44.1,40.5,37.2,37.4,37.9,34.6,38.6,39,39.4,39.9,32.7,36.7,40.7,40.9,41.3,45.6,38.6,42.6,43,44.3,41.5,57.2,57.6,61.7,80.4,89.8,72.2,76.4,62.3,85,85.3,85.9,86.3,86.9,94.9,,1206.4,531.2,20.4,477.4,null,null,6.6,,,KIR,,,,
St. Kitts and Nevis,Kna.,KNA,18,18.8,20.1,21.5,23,24.8,26.5,38.9,40.5,45.6,43.1,54.9,47.4,51.5,52.1,56.3,57,57.7,69.5,63,63.8,66.7,66.8,66.5,74.2,71.4,76.6,77.4,73.8,77.7,92.1,96.4,108,92.4,93.6,93.5,101,97.8,109,107,146,149,155,160,167,175,180,195,203,214,227,232,250,252,267,254,362,376,376,382,378,295,326,333,343,337,,219.1,249.1,262.4,415.5,null,null,7.1,,,KNA,,,,
Kuwait,Ku.,KWT,6240,6510,6980,7610,9710,10900,10900,13000,15500,16600,21800,25100,30600,34500,44200,56000,58000,51000,52200,60100,51400,55000,55800,48600,38400,32200,33800,31000,36600,34500,37000,34100,28000,29900,37100,38700,45000,41500,43600,48400,59200,520000,29700,45200,53300,69200,64800,70100,66500,68000,68600,72400,73100,76900,81400,91400,93900,95000,103000,107000,110000,112000,124000,121000,118000,128000,,783.2,390.1,618.1,351.6,null,null,28.5,,,KWT,,,,
Lao PDR,Laos,LAO,15400,15800,16200,14800,15000,15200,15500,15800,15900,16100,16300,15800,15400,15700,16600,17000,17600,18300,15000,14800,15400,14100,14500,16300,15500,15500,16200,18100,19300,19800,21100,22300,22600,25000,23100,23000,23400,24200,23700,23500,26000,29000,30400,30800,31000,31200,31300,30900,34200,32300,29900,27800,35400,36100,42600,37300,28100,32000,27400,28800,35700,28800,31600,31700,31900,32700,,994.7,354.9,833.2,387.6,null,null,9.2,,,LAO,,,,
Lebanon,Leb.,LBN,2510,2470,2200,2320,2420,2790,3120,3350,3310,3830,3990,4110,4330,4660,4940,5030,5430,5400,5560,6310,5910,7600,8110,9770,9450,8270,8060,7410,7800,8290,8510,8650,8560,9740,9530,10600,10300,10500,10200,10700,10800,11200,13300,14700,15700,16900,17100,19100,20200,20000,18900,19900,19600,22000,20700,20100,18300,17500,21400,25200,24500,25100,26900,26900,28500,26800,,677.4,354.9,538.5,309.8,null,null,17.3,,,LBN,,,,
Liberia,Libe.,LBR,5080,5250,5120,5250,5420,5510,5630,5810,6000,6110,6260,6380,6540,6900,7140,7360,7350,7430,7560,8280,8200,8440,8610,8780,9180,8530,9150,8560,8870,9420,9310,10100,9460,10100,10600,10300,10200,10300,10800,10400,10400,9910,10700,11100,11800,12700,12700,12200,13300,13200,13200,13300,13200,11900,12100,12900,17800,17700,17700,18000,18100,4660,5030,4890,4940,5060,,465.9,495.9,408.4,366,null,null,8.2,,0,LBR,,,,
Libya,Lib.,LBY,11100,11500,11900,12300,12700,13100,13400,13800,14300,14900,15800,17400,18500,20600,21600,23900,27600,45500,59000,66200,68400,50400,38600,37200,26300,30300,39700,42500,43600,49800,49800,46100,49300,47900,45600,48200,54400,51100,55900,57100,59500,66000,57700,58700,64400,67700,66300,65100,65000,63100,66000,66300,66200,69600,72000,76000,78500,75700,82200,83700,88300,66400,79900,83700,84900,87600,,571.7,390.1,469.3,366.4,null,null,23.3,,,LBY,,,,
St. Lucia,St. L.,LCA,28.3,40,36.3,43.5,40.3,47.9,50.3,52.6,54.7,56.6,63.4,66.6,68.2,75.3,77.1,83.9,90.8,98.2,104,142,136,139,147,153,145,150,159,149,174,229,190,175,199,189,204,221,224,240,261,271,264,277,311,333,386,453,482,469,417,428,438,471,422,456,455,466,686,707,720,711,731,549,550,545,548,565,,254.3,249.1,262.4,444.2,null,null,7.5,,,LCA,,,,
Liechtenstein,Lie.,LIE,84.4,95.5,89.8,84.9,97.6,103,123,127,121,122,138,142,162,190,183,197,204,211,230,241,251,259,263,282,257,246,254,259,265,255,258,248,234,255,251,255,268,258,258,252,246,242,241,247,235,237,239,250,261,258,249,259,266,275,277,278,281,252,272,257,243,230,239,246,215,212,,null,null,450.1,217.8,null,null,6.5,,2,LIE,,1,1,
Sri Lanka,Sri L.,LKA,23000,23300,24100,22400,22000,22000,21800,22900,22400,22600,23000,23100,22900,23500,23600,24200,24300,24800,22600,23200,22700,22100,22300,23800,24400,24000,25700,27200,28600,29700,30000,32700,33400,34200,34000,34300,33800,34000,34100,34100,35100,38900,41200,42000,42700,43000,43400,43300,42500,43200,44300,43400,51300,53100,55400,52400,27300,27500,28500,29100,29900,32500,33200,32800,35400,33300,,889,425.4,796,447.8,null,null,15.8,,,LKA,,,,
Lesotho,Les.,LSO,1720,1720,1710,1670,1630,1590,1540,1500,1470,1460,1470,1610,1720,1680,1640,1900,1730,1940,1940,2060,2320,2160,2140,2150,2210,2280,2230,2120,2140,2310,2380,2340,2380,2340,2290,2400,2450,2730,2610,2640,3440,3510,3740,3760,3770,3740,3710,3710,3730,4270,4230,4390,4080,4330,4160,4460,4270,4500,4370,4480,4630,4420,4530,4670,4700,4730,,607.1,672.2,482.5,471.4,null,null,9.6,,,LSO,,,,
"Macao SAR, China",Macao,MAC,38.5,42.2,48.8,57.8,53.5,56.7,67.6,74.5,77.3,91,104,124,155,164,188,192,212,228,232,233,277,293,302,293,338,372,328,387,490,491,607,620,567,768,693,825,973,1070,1070,1140,1150,1210,1210,1310,1410,1370,1550,1640,1710,1670,1780,1840,1670,1690,1870,1990,1790,1710,1520,2260,1600,1640,1500,1370,1480,1870,,null,null,904.7,387.1,null,null,8.6,,,MAC,,,,
Morocco,Mor.,MAR,33900,30900,30700,30200,28300,26900,26100,24900,24500,24100,24200,26000,24200,25200,26100,26700,29100,30000,31300,32300,33600,35100,34600,36100,37200,37300,38100,38800,39800,42300,43100,40400,38900,40500,40600,42500,45400,47700,48400,50800,52000,35400,35700,36600,37200,38900,42300,44400,46600,50000,52700,57200,59300,60300,68600,73600,88200,91100,95500,96200,102000,97300,96000,104000,105000,109000,,466,354.9,408,331.1,1103.5,333.7,23.8,,,MAR,,,,
Monaco,Mo.,MCO,90,97.4,98,96.1,101,106,115,119,118,119,122,126,132,143,147,151,152,160,165,174,179,184,190,202,200,185,201,196,202,211,205,192,187,186,184,182,177,173,170,174,165,166,169,166,169,167,172,172,166,164,164,162,161,158,153,152,143,148,145,139,136,132,135,135,128,129,,null,null,403.6,263.3,null,null,7.5,,,MCO,,1,1,
Moldova,Mold.,MDA,7590,10700,11700,12700,13900,15400,16900,18400,19700,18900,19600,20200,21200,22300,23200,24300,25300,26100,26700,27400,27800,28900,30100,31100,32300,33700,34700,35600,36900,37200,38300,38200,38800,39500,39800,41900,42000,43600,44700,45800,44300,38500,28500,22900,20700,17000,16900,15400,13400,11100,10000,11100,10800,11300,12000,12400,11600,11300,12700,12800,13600,13600,12800,12300,11800,11900,,642.2,213.8,549.6,227.8,null,null,11.1,,0,MDA,1,,,
Madagascar,Mada.,MDG,52100,52900,51700,51600,51500,51300,51100,51100,51100,51300,52000,52800,54100,55500,56100,57300,58900,59800,59200,60300,59400,57700,59500,60900,62000,60700,63300,60400,63500,64800,64100,68700,72800,75700,77800,76100,75400,76100,77700,76600,78500,77200,82200,85000,89700,94600,95200,91200,98400,96300,93900,93800,90100,85500,84100,91900,64800,66300,63600,68500,68200,56200,55300,59000,56900,58600,,748,601.7,512.9,442.4,null,null,10,,,MDG,,,,
Maldives,Mald.,MDV,9.95,10.3,10.6,11,11.4,11.9,12.3,12.8,13.3,13.8,14.3,14.8,15.3,15.9,16.6,17.2,17.8,18.4,19,19.6,20.8,21.2,21.7,22.7,23.4,27.8,32,36.3,44.5,52.6,68.1,72.8,73.6,78.4,87.3,95.8,112,112,128,158,206,189,268,236,239,293,334,375,348,471,502,515,650,565,729,665,826,852,916,959,1010,1070,1200,1180,1430,1420,,853.7,495.9,752.1,508.3,null,null,8.6,,,MDV,,,,
Marshall Islands,Mar. Is.,MHL,20.7,21.5,22.4,23.5,24.6,25.7,26.9,28.2,29.4,30.5,31.7,32.8,34,35.3,36.6,37.9,39.2,40.4,41.7,42.8,44.2,45.3,47.1,50.1,52.4,53.8,54.8,57.8,57.2,58.2,60.5,60.8,62.8,60.6,62.7,65.4,65.8,68.9,71.4,75,76.6,78,80.8,89.2,93.6,94.1,95,95.4,99.4,95.7,130,134,139,140,145,142,153,164,167,175,178,181,183,185,187,201,,1171.1,495.9,1043.4,580.1,null,null,6.7,,,MHL,,,,
"Macedonia, FYR",Mac.,MKD,6630,6570,6630,6670,7040,7390,7790,8100,8190,8670,9050,9310,9520,9830,10300,10500,10700,10800,11200,11400,12300,12500,11900,13000,13000,12400,12500,12100,12400,13100,12500,13400,12000,12400,13200,13400,13700,13600,14000,14000,13900,12200,11600,12000,11700,11800,11300,12000,12600,12100,12000,13800,13900,13900,13800,14400,12300,12700,12700,12000,12300,13100,12600,11500,11100,12700,,606.9,284.3,518.7,273,null,null,12.3,,,MKD,,,,
Mali,Mali,MLI,18700,18600,18300,17800,17200,16500,15800,15200,14800,14500,14500,14300,14900,15300,16000,16900,17300,17700,17600,18500,18600,18900,17500,17000,15800,16700,17200,17700,18000,19000,20700,21100,22100,20500,19500,18400,18800,19000,19700,20100,21400,21300,21600,21900,22400,22900,22500,23200,27700,28700,27100,28500,27600,27100,31300,31000,36400,37300,39900,38600,40300,41700,41500,42300,44800,45000,,536.5,425.4,417.8,354.9,null,null,8.7,,,MLI,,,,
Myanmar,Mya.,MMR,128000,130000,133000,125000,125000,127000,128000,130000,131000,132000,134000,134000,135000,138000,139000,142000,142000,146000,135000,134000,153000,120000,135000,175000,131000,133000,139000,177000,199000,184000,206000,200000,202000,286000,208000,194000,210000,241000,210000,178000,165000,181000,193000,196000,197000,201000,198000,196000,201000,207000,199000,193000,223000,238000,263000,239000,189000,202000,187000,196000,206000,213000,212000,216000,230000,228000,,959.5,354.9,825.6,408.7,null,null,16.7,,,MMR,,,,
Montenegro,Mont.,MNE,2500,2470,2480,2470,2550,2630,2720,2780,2790,2900,2990,3050,3080,3110,3220,3260,3290,3320,3400,3390,3650,3820,3590,3830,3880,3990,3970,3750,3880,3980,3860,4110,3910,4120,4270,4290,4340,4280,4350,4430,6480,6020,3770,2410,2260,1790,3700,3600,4000,4040,5060,4640,5200,4270,4330,4000,-11400,-11300,-11700,-13000,-12000,4850,5100,4860,4760,4710,,571.6,319.6,510.1,285.3,null,null,9.4,,,MNE,,,1,
Mongolia,Mon.,MNG,27900,28200,29800,31500,33500,35500,37500,38200,38700,38000,36900,36200,34200,33100,34200,34300,34600,34500,34800,34600,35800,35000,36200,38200,36600,37800,39200,41500,41600,39200,38400,34200,31300,33900,28800,30300,31500,33900,33500,31000,31700,29400,27200,26100,25300,24900,25700,29000,26200,25400,25700,49500,50000,45800,46800,47100,57300,60800,60500,56900,54100,64900,73300,85200,68700,65900,,924.2,284.3,693.1,241.6,null,null,16.5,,,MNG,,,,
Mozambique,Moz.,MOZ,45600,46500,45600,45800,45900,46300,46500,46900,47200,47500,48300,50700,50500,51700,52900,53800,54000,54300,54500,56900,56400,56100,56800,58500,58700,56600,59300,56100,58100,59300,58000,62200,66100,68600,69800,67600,66300,67300,68600,67800,70600,69100,74400,76200,81100,86200,86400,80800,89000,86400,83600,86400,84200,81800,80800,87100,58200,61000,63500,60600,66000,70100,72800,74800,80000,81100,,642.3,601.7,482.5,450.2,null,null,12.7,,,MOZ,,,,
Mauritania,Mau.,MRT,8300,8440,8260,7730,7450,7020,6710,6320,6080,5920,5890,5560,5700,5860,6010,6220,6380,6580,6820,6120,6290,6110,5710,5640,4980,5130,5340,5550,5660,5770,5890,6240,6610,6170,5880,5970,5810,8860,9030,8880,7180,7420,7330,7530,7580,7550,8070,8410,8840,9380,9870,10200,10200,10400,10900,11000,11500,11700,11100,11900,12400,10400,10900,11200,11200,11200,,501.3,390.1,408,354.9,null,null,9.8,,0,MRT,,,,
Mauritius,Maur.,MUS,459,391,435,446,442,368,470,471,461,474,425,445,538,487,614,613,583,864,1040,970,863,759,1130,1090,1100,978,997,1040,1020,1050,983,936,899,1010,1050,1150,1260,1430,1340,1560,2020,2080,2290,2350,2200,2690,2870,2980,3240,3610,4100,4490,4710,4880,4870,4980,6280,6450,6630,6770,7120,7260,7450,7690,8160,8390,,783.2,601.7,534.9,442.4,null,null,10.7,,,MUS,,,,
Malawi,Mala.,MWI,5620,5790,5710,5810,5900,6010,6120,6210,6280,6390,6500,6780,6860,7100,7310,7550,7720,7860,7890,8210,8190,8300,8590,8770,8920,8880,9480,8990,9360,9460,9390,10100,10700,11100,11400,11300,11300,11600,11700,11700,12100,12100,12800,13100,13300,14200,14300,13900,14900,14600,14700,14400,14800,14700,14300,15200,14000,14300,15300,14800,16300,14300,14800,15000,15200,15500,,607.1,566.4,482.5,441.6,null,null,8.6,,,MWI,,,,
Malaysia,Mal.,MYS,70000,72900,75800,69000,69400,70200,70600,66800,66700,66500,68300,69900,68600,70500,71800,74200,77000,78600,69500,68200,75400,73100,76800,85300,84100,85600,96000,103000,108000,115000,119000,127000,128000,149000,138000,139000,146000,152000,152000,158000,166000,200000,212000,228000,234000,242000,262000,284000,287000,288000,301000,306000,342000,362000,385000,401000,271000,287000,296000,297000,321000,181000,186000,208000,229000,236000,,959.5,425.4,860.5,423.1,null,null,41.8,,,MYS,,,,
Namibia,Nam.,NAM,10100,10000,9810,9510,9140,8730,8320,7940,7650,7460,7420,7780,8060,8140,8170,8250,8310,8320,8390,8470,8580,8590,8680,8770,9170,7940,7880,8440,8490,8740,9270,8720,8480,8370,8650,8820,8650,8580,8820,8890,9710,9970,10000,9980,10200,10300,10100,10100,10900,10800,11800,11300,10400,10100,10500,11800,20200,20000,20600,21700,21300,24600,25600,20600,20400,22600,,536.6,601.7,446.3,431.6,null,null,10.4,,,NAM,,,,
Niger,Niger,NER,11100,11000,10800,10500,10100,9670,9240,8840,8530,8330,8310,8070,8490,8750,9570,10100,10700,11200,11700,11900,12300,12700,12900,10200,10300,11000,11900,13000,13500,14100,14700,15500,16100,17000,13000,11500,11500,12000,12400,12900,13100,13500,14100,14600,15200,15800,16500,17000,17900,18500,19000,19300,20600,21400,22200,23100,25300,26400,27500,28600,29800,29500,31300,32600,34000,34600,,571.7,425.4,426.2,362.6,null,null,9.3,,,NER,,,,
Nigeria,Nig.,NGA,54000,54700,54700,55600,56100,56700,57500,58400,59600,60600,61800,66300,69000,73800,79300,87600,91500,95300,91400,102000,94600,113000,130000,146000,169000,141000,158000,145000,145000,184000,176000,168000,168000,166000,181000,182000,187000,172000,192000,169000,182000,188000,201000,205000,197000,207000,221000,218000,220000,219000,262000,283000,276000,287000,293000,302000,421000,413000,409000,376000,400000,422000,428000,428000,428000,430000,,536.6,460.6,428.7,371.9,null,null,28.6,,,NGA,,,,
Nicaragua,Nic.,NIC,13100,16300,17500,18500,19500,20400,20900,21500,22200,22400,22800,28900,31000,32800,34300,35400,36300,37100,38000,38700,39500,36200,35700,35800,35800,35700,36400,37400,37400,35900,35700,36100,47700,50300,53000,55300,56800,57200,58200,58600,60700,58900,52900,51600,50300,48500,47300,47500,47800,47800,47900,47600,47000,47900,46800,47200,43800,44000,43800,44100,44200,16100,15900,15800,16400,16700,,78,284.3,142.5,456.6,null,null,11.1,,,NIC,,,,
Norway,Nor.,NOR,20300,21600,22200,22900,23700,25800,27100,27400,28100,29500,31500,32400,34000,35700,37800,39000,42900,43700,46300,48000,51000,49800,54400,56900,54000,53800,53900,55500,57300,58300,61200,61600,59300,56000,60500,60300,65100,60400,63400,68400,52600,35900,34100,36200,38100,37800,40700,40700,40900,41900,41200,35500,34500,35000,35700,34800,33300,35100,33600,31000,33500,33200,32900,32700,32500,33100,,501.1,72.8,475.9,100.6,655.8,240.5,21.9,,2,NOR,1,1,1,
Nepal,Nep.,NPL,28100,28500,29000,27000,27000,27200,27300,27500,27500,27700,27900,28600,28300,28700,28600,29100,29400,30200,27500,27500,27300,27400,27700,29600,30900,31600,33400,35100,36200,37300,38500,40700,40900,41800,42600,42800,42800,43500,44200,44700,45400,49900,50900,52500,52900,54200,54900,55000,54800,55400,54700,53700,60700,63700,65400,62100,36000,36100,38200,40100,41200,42100,43600,44200,46200,44300,,889,354.9,800,387.2,null,null,12.5,,,NPL,,,,
Nauru,Nauru,NRU,6.02,6.23,6.48,6.74,7.02,7.32,7.63,7.94,8.26,8.58,8.89,9.33,9.68,10,12.9,14.3,14.3,19.4,19.5,25.9,25.8,33.3,29.8,32.5,37.5,38.9,38.7,42.3,42.5,42.7,46.5,46.8,47,47.2,47,47.2,59.6,58.6,58.8,59,48.2,48.5,47.5,45.3,38.5,35.8,33.1,31.7,29,25.1,21.2,29.5,38.7,43.5,41.7,37.4,27.1,24.5,31,34.4,44,42.1,42.2,45.4,48.7,45.8,,1171.1,531.2,1043.4,594.9,null,null,6.5,,0,NRU,,,,
New Zealand,N.Z.,NZL,42900,54300,59000,61400,63100,64500,65700,67100,67800,68600,70300,70200,70300,71800,73000,74400,76400,77700,78700,80000,79900,66900,66300,64600,64300,62700,63000,63500,61100,58800,61100,60900,62400,62100,63500,65200,66500,65900,66900,66100,66500,44400,45700,45300,46400,47400,49500,52200,49900,51900,54000,63800,64300,66700,66300,68300,66900,64600,64500,62000,62400,62900,64900,64400,65200,65100,,1065.3,601.7,964.8,643.1,753.7,380.2,19.5,,2,NZL,,1,1,
Oman,Oman,OMN,1820,1980,2160,2350,2560,2790,3040,3320,3610,3940,4290,4670,5010,5370,5790,6330,6990,7930,9000,10400,5770,7640,7640,7730,8120,24600,27400,27400,23400,21600,14400,15400,13700,16300,15000,13800,16100,15600,17600,17000,19100,19400,20100,21800,23300,24500,24100,25300,26300,31400,34800,35500,41500,49800,45500,48300,58900,62900,62500,61200,68400,77200,83300,86700,87300,82600,,747.9,425.4,573.6,413.9,null,null,24,,,OMN,,,,
Pakistan,Pak.,PAK,51700,53600,54600,54700,55300,56300,58600,59600,61500,61700,64700,67100,69500,73700,75800,78300,81600,84700,89000,90100,92200,92600,89900,93100,97200,102000,105000,109000,115000,121000,126000,132000,139000,144000,148000,156000,167000,174000,183000,189000,199000,203000,211000,221000,231000,236000,251000,255000,263000,271000,281000,287000,300000,313000,333000,343000,375000,393000,401000,409000,412000,429000,434000,445000,454000,470000,,853.7,354.9,674.1,351.6,null,null,35.6,,,PAK,,,,
Panama,Pan.,PAN,6270,7620,8260,8610,8900,9330,9560,9980,10400,10800,10900,13400,14500,15400,16200,16900,17200,17500,18300,18300,18800,18100,18400,18700,18500,19300,19200,19200,18700,19100,17900,18300,23000,24400,24800,25500,26200,26900,26900,26600,26900,27500,25700,24700,24500,22600,23900,24400,24600,24000,24000,25500,24000,24000,23500,24600,20500,20300,20700,21900,22400,23600,23600,24400,22200,22800,,148.5,354.9,142.5,467.7,null,null,12.8,,,PAN,,,,
Peru,Peru,PER,44700,52800,56500,60000,63700,66500,69000,71600,74200,75800,78100,92600,99200,103000,107000,110000,112000,114000,116000,120000,124000,117000,115000,114000,116000,115000,117000,117000,116000,116000,118000,119000,145000,148000,154000,157000,165000,172000,172000,169000,166000,165000,148000,148000,157000,155000,152000,153000,151000,151000,151000,147000,146000,146000,151000,157000,150000,158000,156000,168000,174000,168000,174000,171000,175000,184000,,183.8,460.6,161.9,516,685,513.1,24.1,,,PER,,,,
Philippines,Phil.,PHL,95500,97200,100000,93300,95300,98000,98900,101000,102000,103000,106000,109000,109000,110000,112000,115000,119000,125000,120000,119000,120000,124000,123000,137000,139000,140000,147000,153000,157000,162000,161000,166000,167000,168000,165000,164000,166000,169000,177000,182000,184000,202000,210000,215000,223000,231000,238000,247000,238000,243000,247000,242000,268000,277000,287000,273000,180000,187000,196000,196000,202000,114000,120000,127000,137000,145000,,1065.3,425.4,981.2,399.2,936.7,394,29.6,,,PHL,,,,
Palau,Palau,PLW,9.9,10.3,10.8,11.3,11.8,11.5,11.5,15.2,15.2,15.2,15.2,51.9,51.9,55.6,59.3,66.6,66.6,74,77.7,133,136,166,173,177,195,195,115,184,111,126,159,159,159,159,159,163,163,163,185,229,236,93.1,93.1,93.1,93.2,93.2,93.2,96.9,96.9,101,108,115,112,115,115,123,266,262,255,247,255,255,255,258,262,258,,1100.6,495.9,1000.4,579.6,null,null,7.2,,,PLW,,,,
Papua New Guinea,Pap. N.G.,PNG,7780,10700,11600,12400,12600,12800,13000,13100,13200,13300,13400,13600,13600,13700,13800,13800,13900,14000,14100,14200,14400,11200,12300,10500,10100,9840,10300,11400,9960,10700,10600,10900,18000,12600,10800,10800,12000,14400,10300,10300,15300,72300,72200,71900,72400,72100,60800,180000,64900,63500,64100,62200,80800,69600,101000,64700,75600,66500,73000,67400,73800,65200,64500,70400,75700,69600,,1030,495.9,995.7,594.9,null,null,11.8,,,PNG,,,,
"Korea, Dem. Peoples Rep.",N. Kor.,PRK,14400,22700,26000,30800,37700,44100,49100,54800,62800,70000,76000,80000,86100,89200,93100,105000,110000,116000,126000,133000,151000,187000,162000,173000,176000,185000,189000,196000,194000,197000,204000,205000,210000,226000,237000,251000,268000,294000,327000,341000,223000,227000,204000,192000,178000,159000,137000,124000,105000,104000,102000,107000,106000,108000,111000,115000,119000,105000,113000,112000,108000,88400,89400,75900,80600,107000,,994.7,284.3,949.1,206.4,null,null,20.6,,,PRK,,,,
Paraguay,Para.,PRY,28800,35100,37600,39700,41800,43600,45100,46300,47500,48500,49300,61900,65200,67800,70400,72800,73800,74600,75600,76300,78500,70700,70800,69500,69400,69800,72100,71200,72800,73000,73900,74200,97700,104000,108000,113000,117000,121000,122000,123000,122000,121000,108000,107000,105000,104000,102000,101000,100000,102000,95800,96100,94500,95700,92900,93900,159000,163000,160000,161000,165000,179000,181000,183000,184000,184000,,219.1,460.6,187.3,511.1,null,null,11.5,,,PRY,,,,
Qatar,Qatar,QAT,2020,2210,2180,2540,2980,3000,3330,3390,3530,3850,4180,4500,4850,11100,11700,12200,12800,14000,15400,16700,13500,16200,19100,21700,18500,18200,17600,16300,17800,21200,19000,17500,17100,15700,18500,18100,19400,17600,18300,21000,18500,24500,34200,38100,38000,39400,40800,50000,46200,48200,53400,60700,61100,63200,68200,76900,91900,95800,102000,111000,125000,126000,143000,136000,161000,186000,,818.5,425.4,637,398.9,null,null,29.9,,,QAT,,,,
Rwanda,Rwa.,RWA,2990,3040,3000,3000,2970,2960,2960,2960,2960,3030,3080,3240,3330,3480,3500,3590,3740,3920,3850,4060,4050,4150,4200,4300,4310,4350,4580,4450,4630,4560,4780,5160,5400,5690,5750,5760,5670,5680,5870,5940,5510,5470,5640,5690,5760,6050,6220,6430,6930,7100,6870,7000,7200,7370,7460,7730,5040,4870,5250,5240,5980,6830,7310,7540,7560,7960,,607.1,531.2,468.9,408.4,null,null,8.1,,,RWA,,,,
Sudan,Sud.,SDN,38500,38800,38900,38800,38800,38700,38600,38800,39000,39400,40000,42700,43500,45600,47800,49100,51500,54500,56700,58100,59400,60400,61700,63900,65000,65800,66300,66900,67700,70500,73700,75500,78200,78800,80200,82100,81500,81600,84600,85400,86300,87800,93300,96500,103000,105000,107000,117000,125000,127000,127000,112000,128000,113000,125000,122000,281000,267000,299000,381000,300000,352000,355000,277000,233000,309000,,607.1,425.4,466.5,390.3,null,null,15,,,SDN,,,,
Senegal,Sen.,SEN,10500,10400,10300,10100,9870,9600,9350,9110,8780,8700,9180,9600,9580,9940,10300,11600,12100,11300,10800,11500,12300,12500,12400,12300,12700,13600,13000,13600,14200,14400,14600,14700,14700,14100,14900,14700,15100,15300,15700,16900,16300,16700,17100,17500,18100,17900,18100,17800,18800,20900,20900,21400,19700,18900,20700,21900,27100,26800,27600,26400,31600,30900,28800,30600,30500,31400,,465.9,390.1,394.6,342.9,null,null,12.8,,,SEN,,,,
Singapore,Sin.,SGP,1450,1890,2190,2210,2360,2510,2560,1480,1770,1570,1410,1770,2080,2500,2620,2180,1420,2600,3730,4620,9500,8770,11400,11000,11500,12600,15200,14600,16700,18000,16200,14400,15700,18100,17200,18100,18800,17700,19400,22100,23600,24300,25900,27600,33000,27800,33800,42500,39900,43800,48900,51400,44200,32100,30000,31600,32300,23800,37100,52600,52700,52500,53700,78900,80000,84500,,959.5,460.6,860.5,464.9,396.6,519.7,23.3,,,SGP,,,1,
Solomon Islands,Solo. Is.,SLB,22,22.5,25.2,25.7,26.2,34.5,35.1,35.6,36.3,36.9,37.6,52,53.2,56.6,61.9,74.6,76.1,88.2,101,107,114,129,139,156,167,166,179,205,195,240,243,281,263,281,280,289,289,271,268,272,260,1950,1940,1940,1940,1950,1950,1950,1950,1960,1960,1970,1970,1980,1980,1980,1920,1940,1950,1960,1960,2330,2330,2340,2340,2350,,1135.8,566.4,1023.9,594.9,null,null,7,,,SLB,,,,
Sierra Leone,S. Leone,SLE,6460,6570,6520,6620,6670,6840,6940,7270,7190,7340,7970,7770,7880,8240,8340,8580,8710,8840,8840,9920,9440,9540,9570,9660,9720,9400,9990,9540,9970,10000,9880,10700,11300,11900,12100,11800,11700,11600,12000,11800,12100,11900,12600,13100,13900,14500,14300,13900,14900,14400,14300,14600,14700,13700,13900,14600,11600,11100,11400,11400,11500,12100,13600,13300,13400,13800,,395.4,460.6,390.2,365.6,null,null,8.6,,,SLE,,,,
El Salvador,El Sal.,SLV,4580,5440,5880,6260,6660,6980,7340,7680,7920,8140,8320,9520,10100,11100,11600,11600,12200,12100,12400,12500,12900,12200,12400,12400,12400,12500,12900,13400,13800,13600,13000,12700,14800,15700,15900,17000,17400,18200,18400,18600,18700,19500,18100,18100,18600,18400,18200,19000,18800,18800,18600,19100,19000,19300,19300,19500,13400,13600,13400,13000,13000,12800,13000,12100,12500,13100,,42.8,249.1,130.8,451.8,null,null,11.8,,,SLV,,,,
Somalia,Som.,SOM,19600,19600,19200,18800,18200,17600,17000,16500,16000,15800,15800,16500,17100,17800,18600,19300,19900,20900,21500,22100,22300,22200,22700,22700,22600,23900,24000,25300,26800,26600,26700,27500,29000,28800,29200,30000,30300,31400,32700,32400,30300,27200,25700,27900,30200,31300,31800,32100,32600,32600,32800,33300,33600,33400,33800,34600,43700,42600,42700,42800,43100,41100,41400,41600,41800,41300,,677.4,495.9,495.4,404.6,null,null,7.8,,0,SOM,,,,
Serbia,Ser.,SRB,31000,30600,30800,30600,32600,34500,36600,38000,37900,40400,42200,43700,44300,45800,48600,48800,48500,47900,49000,49000,55600,59000,56500,59100,60200,62800,62800,60400,62700,64700,63500,73400,67900,72700,77200,78100,79400,78700,79500,79400,78500,51100,56200,49100,47500,50800,58200,62400,64900,47600,51500,54600,58000,61000,67300,63600,8250,7970,7170,2290,1840,68800,64700,65700,58700,68100,,571.6,249.1,518.7,252.9,null,null,20.1,,,SRB,1,,1,
South Sudan,,SSD,42300,42200,41500,40600,39500,38300,37100,36100,35200,34800,34800,37200,37400,38200,38900,39300,40000,40900,41500,41900,42100,42400,42800,43500,43900,44100,44600,44500,45000,45900,46600,47700,48900,49500,50100,50300,50000,50200,50800,51000,50900,50700,52100,52900,54300,55000,54000,56500,61700,62500,65000,55100,65600,58700,62000,63700,59700,65900,65500,71500,61500,67300,69100,64600,63500,67200,,607.1,460.6,448,390.3,null,null,19.8,,,SSD,,,,
Sao Tome and Principe,S.T. and P.,STP,21.4,22.5,22.6,22.5,22.3,22.1,26,29.9,25.8,26,30.4,31.6,32.5,28.7,32.7,33,33.4,35,39.9,40.4,40.5,36.9,36.6,41.2,44.7,45.7,58.3,58.5,62.8,63.2,71.3,77.1,80.9,89.6,87.2,91.5,88.8,89.9,87.3,88.3,90.1,91.7,93.1,93.6,95.2,96.3,97.4,98.5,99.2,100,103,108,117,126,134,139,440,442,443,452,460,172,185,187,189,193,,466,531.2,427.5,400.8,null,null,6.8,,,STP,,,,
Suriname,Suri.,SUR,1400,1520,1620,1730,1830,1880,1980,2080,2090,2200,2320,2490,2650,2760,2930,3210,3540,3880,4060,4130,4480,4220,4230,4650,4190,4450,4700,4450,5250,5180,5370,4820,5030,4510,4440,4650,4910,4770,4780,5010,4570,4900,4860,4680,4580,4630,4620,4610,4700,4160,4030,4230,3300,3850,3600,3350,7190,6880,7630,8650,7300,6840,8600,7780,7680,7790,,289.6,390.1,228.9,485.5,null,null,9.2,,,SUR,,,,
Eswatini,Swazi.,SWZ,1480,1490,1460,1450,1420,1390,1360,1330,1320,1310,1350,1450,1480,1500,1550,1590,1700,1780,1850,1950,2030,2080,2090,2140,2100,2140,2190,2170,2320,2380,2380,2400,2430,2330,2390,2520,2550,2540,2570,2600,2720,2600,2700,2410,2850,2910,2810,3640,3680,3590,3570,3420,3390,3310,3380,3390,2880,3260,3240,2880,3040,3000,3230,3160,3220,3320,,607.1,636.9,482.5,462.9,null,null,8.5,,,SWZ,,,,
Syrian Arab Republic,Syr.,SYR,2430,2460,2640,2770,2930,4110,4570,4650,4930,5060,6140,5810,6210,6910,7960,7580,8960,8830,10400,12000,11400,13600,12600,12500,14700,16800,20000,21300,22300,29900,28700,35000,33000,37200,42000,38500,40200,48700,49600,47000,51600,56200,57600,60600,61700,57600,59200,58000,68400,70600,69500,65500,56100,72100,69300,69200,72000,85100,85200,79700,78700,75100,62700,54000,47800,78500,,712.7,354.9,555.7,315,null,null,18.7,,,SYR,,,,
Turks and Caicos Islands,Tca.,TCA,0.68,0.714,0.749,0.785,0.822,0.86,0.899,0.939,0.981,1.02,1.07,1.12,1.17,1.22,1.27,1.33,1.39,1.44,1.5,1.56,1.73,1.74,1.73,1.72,1.69,1.65,1.64,1.65,1.7,1.76,1.83,1.94,2.05,2.18,2.31,2.45,2.54,2.61,2.67,2.74,32.2,32.3,38.2,43.6,47.4,51.2,51.4,58.9,62.7,70.2,74.1,78.2,104,108,108,127,477,500,515,517,526,222,229,230,237,241,,null,null,232.6,394.4,null,null,7,,,TCA,,,,
Chad,Chad,TCD,13600,13600,13400,13100,12800,12400,12000,11600,11400,11200,11200,11600,11800,12000,12200,12400,12600,12900,13100,13200,13300,13400,13900,13400,12400,12700,12900,13500,13600,14000,14300,14400,14700,14800,13800,13900,14200,14400,14500,14800,13800,13700,14000,12500,15500,18800,22600,27000,33400,32300,29700,27700,25900,25800,25800,26900,52500,53300,53400,51400,52400,53300,53300,53300,52100,52400,,571.9,460.6,457.2,384,null,null,7.9,,,TCD,,,,
Togo,Togo,TGO,8540,8740,8530,8600,8660,8730,8790,8870,8940,9050,9200,9480,9580,9950,10200,10400,10400,10500,10400,10700,10500,10600,11100,11400,11400,10900,11700,11000,11200,11800,11600,12500,13600,14000,14700,14300,14400,14600,15400,15200,15100,14500,16000,17100,17700,19200,19600,19200,20700,19900,19500,19300,19400,18200,17800,19700,12100,12600,13400,14500,14500,14800,14800,15400,15500,15600,,466,460.6,407.2,375.5,null,null,9.7,,,TGO,,,,
Thailand,Tha.,THA,191000,195000,200000,181000,182000,184000,186000,188000,187000,190000,192000,194000,193000,195000,194000,197000,209000,210000,190000,187000,184000,185000,185000,207000,213000,220000,241000,258000,271000,277000,287000,307000,311000,324000,329000,336000,334000,342000,361000,377000,389000,442000,464000,488000,496000,511000,523000,523000,491000,493000,487000,489000,571000,605000,633000,598000,308000,309000,307000,320000,332000,340000,360000,362000,373000,382000,,959.5,390.1,815.4,425.4,null,null,45,,,THA,,,,
Tajikistan,Taj.,TJK,4890,5470,5800,6140,6540,7070,7610,8200,8780,9030,9530,10000,10800,11500,12000,12700,13500,14200,14700,15300,15700,16600,17500,18300,19200,20300,20900,21500,22300,22700,24000,24400,24500,25400,25900,27000,27200,28500,29200,29100,28500,29800,25800,21700,15400,12500,10300,10100,8870,8490,8380,8250,8160,8530,9450,9000,9650,8860,8900,9540,9460,8930,9500,9890,11000,10200,,853.7,319.6,,,,,,,,TJK,1,,1,
Turkmenistan,Turkm.,TKM,6370,6680,7130,7640,8240,8990,9820,10700,11600,12500,13400,14200,15300,16400,17300,18200,19400,20600,21600,22800,25900,26900,28200,30000,32300,34800,37200,39400,41900,42700,44800,46600,48800,51100,53100,56200,57400,60200,63700,64300,64000,63500,46800,49300,39700,40200,39600,32600,34700,45500,57300,59300,62700,69500,70200,72400,74600,79900,82300,68000,75300,90000,93200,95900,98400,106000,,818.5,319.6,684.7,326.6,null,null,25,,,TKM,,,,
Timor-Leste,T.L.,TLS,2200,2240,2300,2070,2060,2080,2090,2110,2100,2110,2130,2170,2100,2140,2140,2190,2250,2240,1920,1880,1890,1890,1930,2090,2190,2150,2260,2320,2350,2360,2370,2620,2690,2740,2790,2820,2810,2820,2860,2930,3000,3570,3700,3820,3990,4080,3900,3900,3850,3650,3710,3790,4670,4890,4960,4620,8600,8580,8650,8660,8650,7340,7450,7560,7620,7560,,994.7,531.2,955.3,511.9,null,null,7.6,,,TLS,,,,
Tonga,Tonga,TON,35.8,36.4,37,37.6,38.3,39.1,39.9,40.7,41.5,42.3,48.3,49.5,54.2,55.6,55.4,55.2,59.7,62.5,65.2,61.9,79.3,70.5,74.2,83.3,82.4,102,105,113,138,143,144,163,150,137,128,140,143,160,182,174,173,192,170,184,190,189,171,193,182,207,194,187,202,240,215,217,-275,-291,-283,-245,-266,209,227,231,246,245,,1206.4,601.7,20.4,616.9,null,null,6.8,,,TON,,,,
Trinidad and Tobago,T.,TTO,3250,3480,3820,4030,3990,3930,4160,3910,4900,4570,4110,6280,9020,3440,5650,7150,6060,6740,6220,6180,11600,10600,10900,12100,12900,12500,19200,19600,19300,20700,21100,21200,23700,22400,24000,27500,24000,24300,23100,23600,24300,24600,26800,25100,25700,25100,29900,27600,30400,35600,38100,42000,46400,53500,57200,66100,73300,77100,76500,76900,80800,83600,84100,87200,88900,91100,,219.1,319.6,198.1,433.3,null,null,21.6,,,TTO,,,,
Tunisia,Tuni.,TUN,5090,5260,5290,5160,5090,5190,5050,4970,4790,4910,5060,5660,5580,5820,6910,6870,7560,7820,8440,9020,8790,9610,10400,10700,11500,11900,12100,13200,13700,14600,15600,15900,15800,17700,18300,19000,19000,19000,19500,20400,20500,22600,22400,24100,23400,23500,25600,26100,27800,28500,30400,31700,31500,32000,33200,33800,34300,34600,35400,36000,39000,37600,38800,39400,40800,41400,,536.5,390.1,469.3,348.6,null,null,17.8,,,TUN,,,,
Taiwan,Tw.,TWN,9370,10800,12700,13400,14100,15600,16800,18000,20000,22000,23100,23900,25600,26700,28500,29600,31500,34100,36400,38600,41200,44000,48600,53800,53000,57400,70800,76400,86600,91800,99800,90600,90500,99200,101000,102000,113000,116000,133000,143000,144000,155000,166000,178000,185000,196000,205000,223000,224000,233000,246000,255000,265000,275000,290000,288000,296000,307000,292000,277000,299000,300000,290000,293000,297000,296000,,1065.3,390.1,null,null,null,null,null,,,TWN,,,,
Tanzania,Tanz.,TZA,53600,54300,53200,53000,52500,52100,51700,51500,51300,51300,52000,54200,55000,56900,58100,60500,60300,61500,61300,63500,65300,62900,64000,66400,66200,65900,69500,66800,69200,72000,69500,73900,78300,81100,80700,79700,79300,82200,81900,82000,96500,95600,100000,102000,106000,114000,115000,108000,121000,118000,110000,121000,116000,121000,120000,130000,289000,305000,307000,300000,305000,293000,295000,293000,292000,299000,,677.5,566.4,482.5,427.8,null,null,13.8,,,TZA,,,,
Uganda,Ug.,UGA,14400,14600,14400,14200,14000,13700,13500,13200,13100,13200,13300,14800,14700,15100,15400,15900,16200,16700,17100,18100,18700,19000,19400,19600,19900,20100,20600,20200,21100,21300,20700,21200,21900,22500,23000,23100,23600,22100,23000,23500,24400,24700,25600,26300,26600,27600,27800,28800,30800,30500,30300,29900,31000,32900,33100,36000,52900,56600,63000,65000,64900,65300,67200,69700,69200,72000,,642.4,495.9,null,null,null,null,null,,,UGA,,,,
Ukraine,Ukr.,UKR,237000,310000,336000,361000,394000,436000,473000,512000,544000,526000,542000,550000,568000,594000,616000,641000,665000,681000,689000,702000,722000,736000,755000,769000,781000,804000,825000,839000,905000,913000,939000,914000,923000,929000,928000,988000,995000,1020000,1040000,1010000,981000,833000,773000,682000,573000,528000,480000,463000,438000,405000,383000,430000,417000,424000,424000,429000,449000,453000,440000,379000,394000,431000,420000,411000,366000,320000,,606.9,178.6,543.1,188.5,101.2,491.4,39.3,,0,UKR,1,1,1,
Uruguay,Uru.,URY,15300,16100,17600,19100,20800,22500,24100,26000,26900,28500,29200,29800,29800,29800,30200,30000,30300,30100,30400,32000,30800,30600,31400,32500,34000,36100,34000,33200,33100,34700,36900,37100,36200,31900,30300,31000,31200,33200,35600,33900,31400,33100,35000,35100,34600,34800,36200,35700,35100,36000,33900,33600,33700,33200,33800,35100,18700,17800,21000,20800,18300,30000,31400,30700,29900,30900,,254.3,460.6,186.8,522.6,null,null,12,,,URY,,,,
Uzbekistan,Uzb.,UZB,20400,21600,23000,24400,26200,28800,31400,34500,37700,40600,43600,47100,51400,55900,59900,64200,68700,73200,76900,80900,84600,89900,94300,100000,106000,113000,120000,125000,132000,133000,138000,143000,148000,154000,160000,170000,172000,183000,193000,195000,193000,194000,187000,219000,197000,198000,204000,193000,186000,195000,214000,217000,223000,220000,217000,215000,235000,235000,251000,229000,220000,210000,212000,226000,231000,235000,,818.5,284.3,680.1,297,null,null,29.6,,,UZB,,,,
St. Vincent and the Grenadines,Vct.,VCT,42.5,44.4,54.7,53.9,57.4,61.1,64.9,68.6,76,79.1,81.5,87.3,90.4,95.1,101,98.4,108,110,116,129,136,136,144,154,149,156,158,165,170,164,173,175,181,192,217,216,217,226,222,211,399,378,372,386,389,403,412,420,401,359,287,324,325,337,361,343,527,536,538,624,534,353,408,365,366,375,,219.1,284.3,262.4,454.1,null,null,7,,,VCT,,,,
"Venezuela, RB",Ven.,VEN,84600,102000,109000,110000,116000,128000,136000,143000,130000,143000,137000,147000,155000,161000,166000,174000,173000,184000,187000,193000,202000,180000,179000,183000,189000,175000,170000,177000,184000,195000,212000,213000,242000,250000,257000,272000,286000,292000,299000,294000,311000,306000,279000,295000,298000,303000,291000,304000,340000,338000,321000,341000,355000,356000,313000,328000,256000,251000,267000,264000,277000,318000,345000,339000,335000,328000,,219.1,390.1,182.4,457.4,null,null,37.3,,,VEN,,,,
British Virgin Islands,Br. V. Is.,VGB,7.59,7.97,8.54,9.25,10.1,10.9,11.8,12.7,13.5,14.2,14.7,16.4,19.6,17.4,18.3,18.5,22,14.7,26.9,28.9,28.7,33.1,33.3,37.3,38,38.2,38.8,42.7,42.5,42.7,43.4,58.6,51.2,55.1,55.2,62.2,69.2,76.3,80.5,80.8,81.1,81.4,85.5,89.3,97,101,112,116,121,121,121,125,132,140,144,151,199,206,218,222,229,201,201,201,205,212,,null,null,254,413.9,null,null,7,,,VGB,,,,
Viet Nam,Viet.,VNM,71700,73100,75900,72000,74400,77600,79100,81200,84400,87400,89200,89500,90400,88800,93700,94600,99900,105000,98100,101000,101000,96200,95900,103000,100000,101000,101000,107000,109000,111000,114000,121000,124000,127000,127000,131000,135000,138000,137000,134000,140000,154000,158000,163000,171000,177000,187000,198000,206000,208000,217000,223000,258000,274000,300000,300000,222000,230000,246000,266000,279000,275000,269000,283000,303000,329000,,1030,390.1,842.4,387.6,null,null,35.7,,,VNM,,,,
Vanuatu,Van.,VUT,123,126,130,133,137,141,146,150,155,160,164,177,175,190,221,221,266,284,274,267,268,309,315,334,355,360,363,359,356,352,350,340,347,360,362,441,386,384,401,406,432,445,463,489,494,499,520,522,521,523,501,483,484,497,482,492,461,587,589,584,597,634,622,618,673,676,,1171.1,601.7,1024,609.8,null,null,6.9,,,VUT,,,,
Samoa,Samoa,WSM,66.7,67.9,73,74.4,79.8,81.5,83.3,88.9,87,92.7,94.6,99.7,101,113,118,122,119,124,132,134,136,144,146,148,150,183,175,210,239,233,241,251,266,267,271,280,296,310,310,316,295,-1760,-1760,-1760,-1750,-1750,-1740,-1740,-1730,-1720,-1700,269,248,262,257,269,-158,-150,-142,-134,-134,444,419,420,420,435,,1206.4,566.4,20.4,557.2,null,null,7,,,WSM,,,,
"Yemen, Rep.",Yemen,YEM,3310,3390,3530,3680,8230,6400,6400,7160,6210,7030,8130,7100,8370,7430,8220,8620,8080,7760,16000,8760,6530,6280,5780,6890,6660,6750,6900,7370,7590,7780,7950,8960,10800,11200,12200,13800,13500,14000,15600,16200,16700,16100,17000,16000,18200,19500,20000,23300,22400,24600,26200,27900,27600,30400,32100,34300,37100,37400,38300,41000,40300,37300,36700,44100,41800,45300,,712.7,425.4,556.6,413.9,null,null,16.9,,,YEM,,,,
Zambia,Zambia,ZMB,61300,62500,61700,62100,62400,63100,63500,63700,63400,64400,65000,66700,67200,68700,69400,71300,71200,73300,72700,74700,79900,69300,71700,74500,73100,73500,75300,73600,75800,82300,76600,79100,85400,87900,85000,83700,82400,88300,84700,84900,169000,167000,174000,174000,179000,183000,189000,177000,186000,173000,181000,176000,172000,172000,181000,202000,409000,390000,411000,362000,397000,358000,360000,387000,376000,373000,,571.9,566.4,468.9,417.2,null,null,10.9,,0,ZMB,,,,
Zimbabwe,Zimb.,ZWE,17900,18400,18600,18900,19200,19900,20200,20300,19500,20200,20100,21100,21300,21700,21700,23000,24000,24500,25900,28000,29300,30500,29800,31600,31700,30400,34000,32100,31300,31200,30500,31000,31100,32900,32800,33300,36800,39300,40500,40100,40900,39500,42200,39400,42200,40400,42300,41100,42700,44600,41500,40700,37800,35000,34500,36100,63100,62900,61500,59200,61600,62000,59200,62800,63600,63900,,607.1,601.7,468.9,428.1,null,null,14,,,ZWE,,,,